sku,product_name,category,launch_date
SKU00001,Laptop Model 859,laptop,2024-01-26
SKU00002,Accessory Model 328,accessory,2024-09-07
SKU00003,Tablet Model 204,tablet,2026-01-24
SKU00004,Laptop Model 532,laptop,2025-08-27
SKU00005,Smartphone Model 195,smartphone,2024-01-31
SKU00006,Wearable Model 617,wearable,2024-08-26
SKU00007,Smartphone Model 303,smartphone,2025-07-28
SKU00008,Audio Model 559,audio,2024-08-13
SKU00009,Accessory Model 990,accessory,2026-04-08
SKU00010,Smartphone Model 925,smartphone,2026-02-16
SKU00011,Tablet Model 532,tablet,2025-12-15
SKU00012,Gaming Model 259,gaming,2024-10-11
SKU00013,Wearable Model 444,wearable,2026-02-20
SKU00014,Laptop Model 489,laptop,2024-04-04
SKU00015,Laptop Model 967,laptop,2025-01-02
SKU00016,Gaming Model 370,gaming,2025-09-10
SKU00017,Smartphone Model 570,smartphone,2026-01-17
SKU00018,Laptop Model 180,laptop,2025-01-22
SKU00019,Accessory Model 743,accessory,2026-04-29
SKU00020,Gaming Model 296,gaming,2025-08-14
SKU00021,Laptop Model 777,laptop,2024-02-16
SKU00022,Wearable Model 396,wearable,2026-03-02
SKU00023,Laptop Model 338,laptop,2026-05-25
SKU00024,Laptop Model 384,laptop,2025-01-24
SKU00025,Smart_Home Model 954,smart_home,2025-10-12
SKU00026,Gaming Model 479,gaming,2024-06-15
SKU00027,Gaming Model 786,gaming,2024-08-02
SKU00028,Accessory Model 799,accessory,2025-12-19
SKU00029,Laptop Model 750,laptop,2025-09-15
SKU00030,Tablet Model 846,tablet,2025-06-30
SKU00031,Wearable Model 573,wearable,2024-06-16
SKU00032,Audio Model 755,audio,2024-10-03
SKU00033,Wearable Model 432,wearable,2025-12-02
SKU00034,Smartphone Model 941,smartphone,2024-08-22
SKU00035,Smartphone Model 423,smartphone,2026-04-04
SKU00036,Audio Model 167,audio,2024-10-01
SKU00037,Wearable Model 997,wearable,2025-08-03
SKU00038,Gaming Model 771,gaming,2024-08-05
SKU00039,Smart_Home Model 758,smart_home,2025-02-09
SKU00040,Smart_Home Model 371,smart_home,2024-05-26
SKU00041,Tablet Model 862,tablet,2024-09-09
SKU00042,Accessory Model 698,accessory,2026-02-03
SKU00043,Audio Model 508,audio,2025-08-20
SKU00044,Gaming Model 241,gaming,2024-08-12
SKU00045,Smart_Home Model 873,smart_home,2024-04-03
SKU00046,Smartphone Model 212,smartphone,2026-05-31
SKU00047,Tablet Model 263,tablet,2025-10-04
SKU00048,Audio Model 165,audio,2025-09-02
SKU00049,Audio Model 710,audio,2025-01-25
SKU00050,Smart_Home Model 357,smart_home,2025-06-25
SKU00051,Smartphone Model 838,smartphone,2025-11-27
SKU00052,Laptop Model 649,laptop,2025-11-29
SKU00053,Accessory Model 756,accessory,2026-02-26
SKU00054,Gaming Model 400,gaming,2024-04-24
SKU00055,Audio Model 564,audio,2024-06-10
SKU00056,Smartphone Model 996,smartphone,2026-01-09
SKU00057,Accessory Model 880,accessory,2025-05-27
SKU00058,Tablet Model 208,tablet,2025-06-03
SKU00059,Accessory Model 754,accessory,2026-05-11
SKU00060,Wearable Model 482,wearable,2024-06-05
SKU00061,Tablet Model 897,tablet,2025-07-06
SKU00062,Smartphone Model 431,smartphone,2025-09-05
SKU00063,Smart_Home Model 214,smart_home,2024-01-20
SKU00064,Gaming Model 951,gaming,2026-06-18
SKU00065,Accessory Model 159,accessory,2024-09-02
SKU00066,Wearable Model 680,wearable,2026-06-18
SKU00067,Laptop Model 849,laptop,2024-03-28
SKU00068,Smart_Home Model 170,smart_home,2026-04-15
SKU00069,Tablet Model 775,tablet,2024-05-11
SKU00070,Smart_Home Model 269,smart_home,2025-07-16
SKU00071,Accessory Model 993,accessory,2025-06-24
SKU00072,Audio Model 652,audio,2024-08-04
SKU00073,Wearable Model 419,wearable,2025-12-31
SKU00074,Audio Model 765,audio,2025-11-18
SKU00075,Gaming Model 629,gaming,2025-03-24
SKU00076,Smart_Home Model 353,smart_home,2024-05-03
SKU00077,Wearable Model 446,wearable,2024-03-06
SKU00078,Smartphone Model 667,smartphone,2025-08-25
SKU00079,Wearable Model 325,wearable,2025-08-25
SKU00080,Smartphone Model 824,smartphone,2024-03-13
SKU00081,Smartphone Model 169,smartphone,2024-08-22
SKU00082,Smartphone Model 438,smartphone,2026-05-30
SKU00083,Laptop Model 343,laptop,2025-06-10
SKU00084,Accessory Model 597,accessory,2025-11-16
SKU00085,Wearable Model 235,wearable,2025-07-06
SKU00086,Smart_Home Model 903,smart_home,2024-09-05
SKU00087,Smart_Home Model 516,smart_home,2026-04-06
SKU00088,Wearable Model 199,wearable,2024-04-06
SKU00089,Audio Model 533,audio,2024-12-28
SKU00090,Audio Model 984,audio,2025-04-23
SKU00091,Smartphone Model 769,smartphone,2025-11-20
SKU00092,Laptop Model 512,laptop,2024-03-03
SKU00093,Gaming Model 982,gaming,2026-03-30
SKU00094,Laptop Model 296,laptop,2024-09-11
SKU00095,Wearable Model 559,wearable,2025-07-03
SKU00096,Tablet Model 287,tablet,2025-03-08
SKU00097,Accessory Model 355,accessory,2025-04-18
SKU00098,Laptop Model 927,laptop,2025-03-29
SKU00099,Laptop Model 767,laptop,2024-02-21
SKU00100,Smartphone Model 871,smartphone,2024-04-05
SKU00101,Wearable Model 516,wearable,2024-06-19
SKU00102,Smart_Home Model 318,smart_home,2025-05-07
SKU00103,Audio Model 268,audio,2024-03-01
SKU00104,Audio Model 499,audio,2024-01-03
SKU00105,Accessory Model 903,accessory,2026-03-13
SKU00106,Smart_Home Model 533,smart_home,2024-10-19
SKU00107,Smart_Home Model 294,smart_home,2024-06-07
SKU00108,Accessory Model 159,accessory,2024-08-10
SKU00109,Smartphone Model 421,smartphone,2026-02-04
SKU00110,Smartphone Model 698,smartphone,2024-02-21
SKU00111,Smart_Home Model 973,smart_home,2025-05-29
SKU00112,Tablet Model 620,tablet,2024-02-28
SKU00113,Laptop Model 290,laptop,2026-05-21
SKU00114,Laptop Model 169,laptop,2025-09-01
SKU00115,Wearable Model 222,wearable,2025-02-17
SKU00116,Wearable Model 708,wearable,2025-08-15
SKU00117,Smartphone Model 183,smartphone,2025-09-26
SKU00118,Audio Model 697,audio,2025-11-04
SKU00119,Gaming Model 309,gaming,2024-09-24
SKU00120,Gaming Model 371,gaming,2024-09-01
SKU00121,Audio Model 787,audio,2024-05-14
SKU00122,Accessory Model 423,accessory,2025-04-13
SKU00123,Laptop Model 569,laptop,2024-01-10
SKU00124,Laptop Model 650,laptop,2024-03-16
SKU00125,Wearable Model 371,wearable,2025-06-02
SKU00126,Tablet Model 170,tablet,2024-12-23
SKU00127,Wearable Model 391,wearable,2025-01-13
SKU00128,Tablet Model 953,tablet,2025-03-24
SKU00129,Accessory Model 926,accessory,2025-09-18
SKU00130,Smartphone Model 936,smartphone,2025-11-14
SKU00131,Accessory Model 206,accessory,2025-11-10
SKU00132,Tablet Model 218,tablet,2024-09-27
SKU00133,Laptop Model 666,laptop,2026-01-30
SKU00134,Tablet Model 388,tablet,2024-10-05
SKU00135,Wearable Model 451,wearable,2026-01-04
SKU00136,Wearable Model 749,wearable,2025-12-04
SKU00137,Accessory Model 600,accessory,2025-06-01
SKU00138,Accessory Model 152,accessory,2026-05-16
SKU00139,Laptop Model 533,laptop,2025-10-11
SKU00140,Accessory Model 103,accessory,2024-02-15
SKU00141,Gaming Model 233,gaming,2026-02-28
SKU00142,Accessory Model 859,accessory,2024-06-14
SKU00143,Smart_Home Model 822,smart_home,2025-07-18
SKU00144,Audio Model 109,audio,2025-07-28
SKU00145,Laptop Model 807,laptop,2024-03-18
SKU00146,Tablet Model 136,tablet,2025-07-12
SKU00147,Gaming Model 665,gaming,2025-08-19
SKU00148,Tablet Model 230,tablet,2025-03-16
SKU00149,Smartphone Model 473,smartphone,2024-11-11
SKU00150,Smartphone Model 315,smartphone,2025-01-01
SKU00151,Wearable Model 205,wearable,2025-11-13
SKU00152,Gaming Model 673,gaming,2026-03-09
SKU00153,Audio Model 867,audio,2025-09-27
SKU00154,Tablet Model 985,tablet,2024-08-30
SKU00155,Tablet Model 930,tablet,2026-03-30
SKU00156,Tablet Model 125,tablet,2025-02-26
SKU00157,Tablet Model 440,tablet,2026-01-24
SKU00158,Audio Model 785,audio,2026-04-01
SKU00159,Wearable Model 263,wearable,2024-09-30
SKU00160,Laptop Model 993,laptop,2025-01-26
SKU00161,Smartphone Model 581,smartphone,2026-05-29
SKU00162,Wearable Model 936,wearable,2024-07-23
SKU00163,Smart_Home Model 412,smart_home,2024-12-24
SKU00164,Wearable Model 124,wearable,2024-08-16
SKU00165,Wearable Model 436,wearable,2025-02-12
SKU00166,Accessory Model 171,accessory,2026-06-04
SKU00167,Accessory Model 756,accessory,2024-12-25
SKU00168,Audio Model 963,audio,2025-11-26
SKU00169,Gaming Model 218,gaming,2024-01-29
SKU00170,Accessory Model 694,accessory,2024-07-01
SKU00171,Accessory Model 211,accessory,2024-02-09
SKU00172,Audio Model 846,audio,2024-12-19
SKU00173,Gaming Model 720,gaming,2025-03-22
SKU00174,Laptop Model 690,laptop,2025-01-29
SKU00175,Wearable Model 145,wearable,2024-09-17
SKU00176,Audio Model 632,audio,2024-01-02
SKU00177,Wearable Model 541,wearable,2025-01-07
SKU00178,Laptop Model 438,laptop,2025-11-11
SKU00179,Gaming Model 968,gaming,2025-11-10
SKU00180,Laptop Model 407,laptop,2026-01-07
SKU00181,Accessory Model 518,accessory,2025-11-13
SKU00182,Gaming Model 813,gaming,2025-02-16
SKU00183,Accessory Model 230,accessory,2025-07-21
SKU00184,Wearable Model 780,wearable,2025-03-06
SKU00185,Audio Model 866,audio,2025-11-24
SKU00186,Tablet Model 682,tablet,2025-09-22
SKU00187,Accessory Model 661,accessory,2025-02-19
SKU00188,Smartphone Model 393,smartphone,2024-11-07
SKU00189,Wearable Model 904,wearable,2025-03-16
SKU00190,Gaming Model 552,gaming,2025-04-21
SKU00191,Smart_Home Model 318,smart_home,2025-11-22
SKU00192,Smart_Home Model 915,smart_home,2026-03-23
SKU00193,Tablet Model 186,tablet,2025-11-05
SKU00194,Accessory Model 779,accessory,2025-06-11
SKU00195,Gaming Model 938,gaming,2024-04-05
SKU00196,Wearable Model 417,wearable,2025-11-19
SKU00197,Wearable Model 303,wearable,2026-04-05
SKU00198,Tablet Model 147,tablet,2024-01-26
SKU00199,Wearable Model 725,wearable,2025-05-01
SKU00200,Laptop Model 524,laptop,2025-04-11
SKU00201,Wearable Model 813,wearable,2026-01-05
SKU00202,Audio Model 509,audio,2025-05-21
SKU00203,Wearable Model 771,wearable,2024-05-31
SKU00204,Smartphone Model 981,smartphone,2026-02-07
SKU00205,Laptop Model 535,laptop,2026-03-08
SKU00206,Wearable Model 923,wearable,2024-06-29
SKU00207,Smart_Home Model 670,smart_home,2024-02-21
SKU00208,Wearable Model 224,wearable,2026-05-18
SKU00209,Smart_Home Model 920,smart_home,2024-05-16
SKU00210,Smart_Home Model 643,smart_home,2025-11-14
SKU00211,Gaming Model 553,gaming,2026-02-12
SKU00212,Audio Model 661,audio,2026-04-30
SKU00213,Smart_Home Model 861,smart_home,2024-06-11
SKU00214,Smart_Home Model 365,smart_home,2025-04-05
SKU00215,Wearable Model 752,wearable,2026-05-10
SKU00216,Accessory Model 896,accessory,2026-02-23
SKU00217,Smart_Home Model 344,smart_home,2025-10-03
SKU00218,Accessory Model 179,accessory,2025-03-26
SKU00219,Accessory Model 378,accessory,2024-08-28
SKU00220,Gaming Model 653,gaming,2024-11-23
SKU00221,Laptop Model 254,laptop,2024-05-21
SKU00222,Wearable Model 810,wearable,2025-01-27
SKU00223,Tablet Model 319,tablet,2025-12-24
SKU00224,Laptop Model 517,laptop,2025-02-28
SKU00225,Gaming Model 577,gaming,2025-07-09
SKU00226,Audio Model 311,audio,2024-03-04
SKU00227,Audio Model 888,audio,2025-02-02
SKU00228,Smartphone Model 883,smartphone,2026-05-27
SKU00229,Audio Model 106,audio,2025-05-03
SKU00230,Gaming Model 871,gaming,2024-11-01
SKU00231,Audio Model 955,audio,2026-05-23
SKU00232,Audio Model 865,audio,2025-07-05
SKU00233,Wearable Model 324,wearable,2025-05-14
SKU00234,Accessory Model 597,accessory,2025-03-22
SKU00235,Smartphone Model 444,smartphone,2025-02-02
SKU00236,Audio Model 269,audio,2026-01-11
SKU00237,Smart_Home Model 737,smart_home,2024-05-10
SKU00238,Smartphone Model 706,smartphone,2025-02-07
SKU00239,Smartphone Model 758,smartphone,2024-03-26
SKU00240,Audio Model 987,audio,2024-05-18
SKU00241,Smart_Home Model 151,smart_home,2024-07-05
SKU00242,Accessory Model 435,accessory,2025-01-23
SKU00243,Wearable Model 434,wearable,2025-04-10
SKU00244,Gaming Model 488,gaming,2026-02-18
SKU00245,Accessory Model 951,accessory,2026-02-09
SKU00246,Audio Model 954,audio,2024-09-15
SKU00247,Laptop Model 119,laptop,2025-04-26
SKU00248,Smartphone Model 329,smartphone,2024-12-24
SKU00249,Laptop Model 767,laptop,2026-03-10
SKU00250,Smartphone Model 131,smartphone,2026-02-11
SKU00251,Wearable Model 959,wearable,2024-07-23
SKU00252,Smartphone Model 256,smartphone,2025-09-28
SKU00253,Wearable Model 584,wearable,2024-05-09
SKU00254,Laptop Model 323,laptop,2025-07-31
SKU00255,Smart_Home Model 362,smart_home,2025-12-17
SKU00256,Gaming Model 720,gaming,2024-06-20
SKU00257,Laptop Model 938,laptop,2026-03-07
SKU00258,Tablet Model 210,tablet,2024-11-14
SKU00259,Smartphone Model 689,smartphone,2024-11-15
SKU00260,Audio Model 832,audio,2025-02-10
SKU00261,Wearable Model 706,wearable,2024-03-18
SKU00262,Wearable Model 813,wearable,2024-04-14
SKU00263,Accessory Model 800,accessory,2026-05-20
SKU00264,Laptop Model 679,laptop,2026-03-26
SKU00265,Smartphone Model 645,smartphone,2024-12-21
SKU00266,Audio Model 479,audio,2025-11-08
SKU00267,Laptop Model 763,laptop,2025-06-02
SKU00268,Gaming Model 969,gaming,2024-01-13
SKU00269,Audio Model 601,audio,2026-04-22
SKU00270,Laptop Model 470,laptop,2025-03-19
SKU00271,Smart_Home Model 256,smart_home,2025-12-25
SKU00272,Audio Model 851,audio,2024-06-29
SKU00273,Accessory Model 927,accessory,2025-09-22
SKU00274,Smart_Home Model 546,smart_home,2025-04-21
SKU00275,Accessory Model 972,accessory,2024-11-26
SKU00276,Wearable Model 188,wearable,2026-04-30
SKU00277,Accessory Model 349,accessory,2025-04-06
SKU00278,Smart_Home Model 724,smart_home,2025-08-06
SKU00279,Audio Model 129,audio,2024-12-10
SKU00280,Smart_Home Model 432,smart_home,2026-05-21
SKU00281,Tablet Model 317,tablet,2025-05-14
SKU00282,Gaming Model 364,gaming,2026-03-27
SKU00283,Gaming Model 710,gaming,2024-10-13
SKU00284,Accessory Model 110,accessory,2025-07-23
SKU00285,Wearable Model 347,wearable,2024-03-28
SKU00286,Audio Model 668,audio,2025-05-15
SKU00287,Wearable Model 587,wearable,2025-12-08
SKU00288,Smart_Home Model 911,smart_home,2025-04-03
SKU00289,Smartphone Model 401,smartphone,2024-04-05
SKU00290,Wearable Model 808,wearable,2025-02-18
SKU00291,Wearable Model 779,wearable,2024-11-09
SKU00292,Gaming Model 666,gaming,2025-04-29
SKU00293,Gaming Model 863,gaming,2025-03-11
SKU00294,Gaming Model 819,gaming,2024-12-26
SKU00295,Smart_Home Model 413,smart_home,2024-10-04
SKU00296,Accessory Model 223,accessory,2024-08-24
SKU00297,Wearable Model 222,wearable,2024-11-19
SKU00298,Tablet Model 321,tablet,2024-07-15
SKU00299,Smart_Home Model 841,smart_home,2024-10-10
SKU00300,Accessory Model 952,accessory,2024-04-12
SKU00301,Wearable Model 332,wearable,2024-10-30
SKU00302,Gaming Model 409,gaming,2024-07-02
SKU00303,Smartphone Model 646,smartphone,2025-12-26
SKU00304,Tablet Model 146,tablet,2024-10-07
SKU00305,Smartphone Model 399,smartphone,2025-07-20
SKU00306,Tablet Model 989,tablet,2025-10-15
SKU00307,Smart_Home Model 993,smart_home,2024-04-15
SKU00308,Smartphone Model 391,smartphone,2025-08-10
SKU00309,Smart_Home Model 551,smart_home,2025-05-05
SKU00310,Gaming Model 152,gaming,2024-07-07
SKU00311,Accessory Model 589,accessory,2026-06-01
SKU00312,Laptop Model 166,laptop,2026-04-21
SKU00313,Audio Model 175,audio,2025-05-18
SKU00314,Smartphone Model 252,smartphone,2024-06-04
SKU00315,Accessory Model 354,accessory,2024-03-28
SKU00316,Laptop Model 882,laptop,2025-07-25
SKU00317,Audio Model 710,audio,2025-09-12
SKU00318,Wearable Model 635,wearable,2026-03-05
SKU00319,Audio Model 553,audio,2025-04-06
SKU00320,Accessory Model 702,accessory,2026-05-30
SKU00321,Audio Model 682,audio,2024-11-08
SKU00322,Smartphone Model 857,smartphone,2025-09-16
SKU00323,Laptop Model 312,laptop,2026-02-20
SKU00324,Wearable Model 776,wearable,2024-09-27
SKU00325,Laptop Model 345,laptop,2024-06-09
SKU00326,Tablet Model 176,tablet,2025-07-19
SKU00327,Tablet Model 518,tablet,2024-01-03
SKU00328,Smart_Home Model 708,smart_home,2025-12-06
SKU00329,Smart_Home Model 133,smart_home,2024-10-25
SKU00330,Wearable Model 823,wearable,2024-10-22
SKU00331,Accessory Model 980,accessory,2025-12-20
SKU00332,Smart_Home Model 803,smart_home,2024-03-13
SKU00333,Wearable Model 906,wearable,2024-09-27
SKU00334,Wearable Model 217,wearable,2025-03-11
SKU00335,Wearable Model 252,wearable,2025-10-25
SKU00336,Accessory Model 245,accessory,2026-04-26
SKU00337,Laptop Model 269,laptop,2024-03-02
SKU00338,Accessory Model 866,accessory,2025-09-01
SKU00339,Accessory Model 227,accessory,2025-03-25
SKU00340,Smart_Home Model 411,smart_home,2025-12-06
SKU00341,Audio Model 612,audio,2024-10-05
SKU00342,Smart_Home Model 182,smart_home,2025-03-24
SKU00343,Smartphone Model 852,smartphone,2025-03-18
SKU00344,Gaming Model 356,gaming,2025-09-10
SKU00345,Smartphone Model 334,smartphone,2024-04-03
SKU00346,Smartphone Model 788,smartphone,2026-02-22
SKU00347,Accessory Model 141,accessory,2025-08-13
SKU00348,Tablet Model 631,tablet,2025-04-26
SKU00349,Smart_Home Model 285,smart_home,2024-10-11
SKU00350,Audio Model 933,audio,2025-10-12
SKU00351,Smart_Home Model 581,smart_home,2024-04-03
SKU00352,Gaming Model 441,gaming,2025-02-22
SKU00353,Gaming Model 207,gaming,2025-11-17
SKU00354,Tablet Model 521,tablet,2024-12-03
SKU00355,Smart_Home Model 778,smart_home,2024-10-22
SKU00356,Audio Model 878,audio,2026-04-13
SKU00357,Smartphone Model 190,smartphone,2025-04-10
SKU00358,Gaming Model 431,gaming,2024-09-15
SKU00359,Laptop Model 513,laptop,2026-03-02
SKU00360,Smartphone Model 990,smartphone,2025-11-04
SKU00361,Smart_Home Model 155,smart_home,2025-02-27
SKU00362,Wearable Model 470,wearable,2025-06-14
SKU00363,Smart_Home Model 552,smart_home,2025-10-02
SKU00364,Smartphone Model 373,smartphone,2024-07-27
SKU00365,Tablet Model 548,tablet,2024-10-21
SKU00366,Smart_Home Model 129,smart_home,2024-05-04
SKU00367,Wearable Model 262,wearable,2025-12-27
SKU00368,Accessory Model 114,accessory,2025-07-18
SKU00369,Audio Model 330,audio,2024-04-05
SKU00370,Laptop Model 220,laptop,2025-04-17
SKU00371,Tablet Model 833,tablet,2025-05-25
SKU00372,Accessory Model 822,accessory,2025-06-05
SKU00373,Accessory Model 954,accessory,2025-03-01
SKU00374,Smart_Home Model 349,smart_home,2025-04-28
SKU00375,Smart_Home Model 248,smart_home,2025-07-18
SKU00376,Audio Model 713,audio,2024-07-14
SKU00377,Tablet Model 171,tablet,2026-06-03
SKU00378,Accessory Model 908,accessory,2026-03-02
SKU00379,Audio Model 906,audio,2024-12-14
SKU00380,Accessory Model 102,accessory,2026-04-20
SKU00381,Accessory Model 405,accessory,2026-01-13
SKU00382,Smart_Home Model 252,smart_home,2026-06-05
SKU00383,Smart_Home Model 595,smart_home,2025-07-05
SKU00384,Gaming Model 665,gaming,2024-12-06
SKU00385,Audio Model 429,audio,2025-04-11
SKU00386,Wearable Model 344,wearable,2025-12-15
SKU00387,Audio Model 976,audio,2024-08-27
SKU00388,Audio Model 425,audio,2024-02-14
SKU00389,Smart_Home Model 930,smart_home,2025-12-23
SKU00390,Audio Model 779,audio,2025-01-30
SKU00391,Tablet Model 137,tablet,2025-05-22
SKU00392,Tablet Model 704,tablet,2025-05-29
SKU00393,Gaming Model 202,gaming,2026-06-09
SKU00394,Smart_Home Model 638,smart_home,2024-04-12
SKU00395,Smart_Home Model 839,smart_home,2024-01-16
SKU00396,Tablet Model 991,tablet,2025-02-23
SKU00397,Tablet Model 580,tablet,2024-03-17
SKU00398,Accessory Model 738,accessory,2024-12-12
SKU00399,Audio Model 182,audio,2025-10-27
SKU00400,Gaming Model 790,gaming,2026-05-22
SKU00401,Audio Model 741,audio,2024-11-20
SKU00402,Smart_Home Model 654,smart_home,2026-06-12
SKU00403,Smartphone Model 170,smartphone,2025-09-24
SKU00404,Wearable Model 800,wearable,2025-10-08
SKU00405,Accessory Model 864,accessory,2024-08-20
SKU00406,Laptop Model 200,laptop,2025-03-20
SKU00407,Laptop Model 270,laptop,2025-03-30
SKU00408,Accessory Model 147,accessory,2024-01-30
SKU00409,Gaming Model 157,gaming,2026-03-26
SKU00410,Accessory Model 483,accessory,2025-01-02
SKU00411,Audio Model 350,audio,2024-05-29
SKU00412,Audio Model 798,audio,2025-08-02
SKU00413,Tablet Model 279,tablet,2024-06-23
SKU00414,Laptop Model 991,laptop,2025-09-16
SKU00415,Audio Model 799,audio,2025-09-26
SKU00416,Wearable Model 697,wearable,2025-05-24
SKU00417,Tablet Model 572,tablet,2024-08-25
SKU00418,Accessory Model 361,accessory,2025-04-15
SKU00419,Smartphone Model 576,smartphone,2026-04-03
SKU00420,Accessory Model 659,accessory,2025-11-24
SKU00421,Tablet Model 552,tablet,2024-03-16
SKU00422,Gaming Model 406,gaming,2025-08-24
SKU00423,Audio Model 356,audio,2025-12-07
SKU00424,Smart_Home Model 409,smart_home,2026-05-15
SKU00425,Wearable Model 973,wearable,2025-01-28
SKU00426,Smart_Home Model 342,smart_home,2024-04-19
SKU00427,Audio Model 467,audio,2025-08-08
SKU00428,Accessory Model 402,accessory,2025-12-17
SKU00429,Smartphone Model 774,smartphone,2026-04-29
SKU00430,Audio Model 108,audio,2024-10-08
SKU00431,Smartphone Model 863,smartphone,2025-09-12
SKU00432,Smart_Home Model 393,smart_home,2026-05-02
SKU00433,Wearable Model 921,wearable,2025-09-13
SKU00434,Gaming Model 751,gaming,2024-08-12
SKU00435,Wearable Model 356,wearable,2025-09-27
SKU00436,Tablet Model 199,tablet,2025-10-05
SKU00437,Smartphone Model 907,smartphone,2024-11-12
SKU00438,Smart_Home Model 693,smart_home,2024-02-04
SKU00439,Gaming Model 234,gaming,2026-01-19
SKU00440,Laptop Model 434,laptop,2024-10-29
SKU00441,Audio Model 305,audio,2024-06-28
SKU00442,Tablet Model 652,tablet,2026-03-16
SKU00443,Gaming Model 613,gaming,2025-06-27
SKU00444,Accessory Model 268,accessory,2026-04-30
SKU00445,Accessory Model 593,accessory,2026-04-24
SKU00446,Accessory Model 991,accessory,2026-02-03
SKU00447,Gaming Model 217,gaming,2026-04-03
SKU00448,Smart_Home Model 244,smart_home,2024-03-18
SKU00449,Wearable Model 792,wearable,2026-05-30
SKU00450,Audio Model 923,audio,2026-05-16
SKU00451,Gaming Model 909,gaming,2024-04-02
SKU00452,Audio Model 370,audio,2024-01-15
SKU00453,Laptop Model 477,laptop,2025-04-10
SKU00454,Accessory Model 490,accessory,2025-08-21
SKU00455,Gaming Model 791,gaming,2024-04-20
SKU00456,Wearable Model 125,wearable,2025-04-27
SKU00457,Gaming Model 326,gaming,2025-09-16
SKU00458,Laptop Model 943,laptop,2025-10-12
SKU00459,Smart_Home Model 409,smart_home,2025-12-18
SKU00460,Audio Model 243,audio,2024-04-29
SKU00461,Smartphone Model 411,smartphone,2024-02-08
SKU00462,Smart_Home Model 199,smart_home,2024-04-28
SKU00463,Wearable Model 238,wearable,2025-07-04
SKU00464,Audio Model 479,audio,2025-04-09
SKU00465,Audio Model 860,audio,2025-08-24
SKU00466,Tablet Model 770,tablet,2025-02-28
SKU00467,Laptop Model 601,laptop,2026-05-03
SKU00468,Audio Model 133,audio,2024-10-13
SKU00469,Gaming Model 554,gaming,2024-08-10
SKU00470,Smart_Home Model 975,smart_home,2024-08-29
SKU00471,Gaming Model 802,gaming,2024-04-11
SKU00472,Gaming Model 760,gaming,2025-07-11
SKU00473,Gaming Model 507,gaming,2024-03-03
SKU00474,Accessory Model 225,accessory,2024-07-13
SKU00475,Smart_Home Model 778,smart_home,2024-04-03
SKU00476,Wearable Model 754,wearable,2025-10-19
SKU00477,Smartphone Model 905,smartphone,2024-02-21
SKU00478,Gaming Model 228,gaming,2024-09-06
SKU00479,Wearable Model 949,wearable,2024-03-11
SKU00480,Wearable Model 321,wearable,2025-08-23
SKU00481,Wearable Model 892,wearable,2024-12-02
SKU00482,Tablet Model 710,tablet,2026-03-18
SKU00483,Smartphone Model 979,smartphone,2024-10-10
SKU00484,Tablet Model 653,tablet,2024-05-13
SKU00485,Accessory Model 278,accessory,2026-03-28
SKU00486,Laptop Model 987,laptop,2025-11-07
SKU00487,Smartphone Model 115,smartphone,2024-05-14
SKU00488,Gaming Model 907,gaming,2026-03-19
SKU00489,Wearable Model 431,wearable,2025-08-25
SKU00490,Smartphone Model 371,smartphone,2024-06-27
SKU00491,Smartphone Model 859,smartphone,2024-05-09
SKU00492,Audio Model 216,audio,2025-06-22
SKU00493,Laptop Model 559,laptop,2025-05-02
SKU00494,Gaming Model 707,gaming,2025-06-09
SKU00495,Laptop Model 615,laptop,2025-04-07
SKU00496,Wearable Model 144,wearable,2025-09-21
SKU00497,Accessory Model 758,accessory,2025-04-14
SKU00498,Smartphone Model 590,smartphone,2024-03-03
SKU00499,Audio Model 802,audio,2025-03-12
SKU00500,Laptop Model 829,laptop,2025-05-17
SKU00501,Smart_Home Model 182,smart_home,2024-03-16
SKU00502,Gaming Model 251,gaming,2025-09-14
SKU00503,Laptop Model 381,laptop,2024-05-09
SKU00504,Gaming Model 711,gaming,2025-01-25
SKU00505,Accessory Model 617,accessory,2025-04-09
SKU00506,Audio Model 912,audio,2024-04-11
SKU00507,Laptop Model 770,laptop,2026-05-23
SKU00508,Wearable Model 562,wearable,2025-03-16
SKU00509,Wearable Model 447,wearable,2025-02-27
SKU00510,Smart_Home Model 525,smart_home,2025-02-12
SKU00511,Laptop Model 537,laptop,2024-11-16
SKU00512,Gaming Model 361,gaming,2025-11-12
SKU00513,Gaming Model 803,gaming,2024-06-05
SKU00514,Smart_Home Model 193,smart_home,2024-03-09
SKU00515,Laptop Model 542,laptop,2024-04-05
SKU00516,Laptop Model 856,laptop,2026-02-01
SKU00517,Gaming Model 233,gaming,2026-04-11
SKU00518,Smartphone Model 675,smartphone,2025-08-23
SKU00519,Gaming Model 225,gaming,2025-11-17
SKU00520,Audio Model 994,audio,2024-12-28
SKU00521,Audio Model 838,audio,2026-06-07
SKU00522,Smartphone Model 714,smartphone,2024-10-21
SKU00523,Accessory Model 206,accessory,2024-12-26
SKU00524,Wearable Model 772,wearable,2024-06-07
SKU00525,Smart_Home Model 967,smart_home,2024-08-17
SKU00526,Laptop Model 965,laptop,2024-12-24
SKU00527,Gaming Model 880,gaming,2024-04-27
SKU00528,Accessory Model 331,accessory,2025-08-10
SKU00529,Audio Model 674,audio,2026-05-15
SKU00530,Smartphone Model 773,smartphone,2025-09-15
SKU00531,Accessory Model 284,accessory,2024-01-30
SKU00532,Accessory Model 880,accessory,2025-12-20
SKU00533,Accessory Model 459,accessory,2024-12-13
SKU00534,Smartphone Model 990,smartphone,2024-07-04
SKU00535,Tablet Model 773,tablet,2025-08-02
SKU00536,Audio Model 245,audio,2024-03-12
SKU00537,Smartphone Model 864,smartphone,2024-04-03
SKU00538,Wearable Model 529,wearable,2025-01-20
SKU00539,Smart_Home Model 261,smart_home,2024-12-15
SKU00540,Gaming Model 838,gaming,2024-11-15
SKU00541,Gaming Model 681,gaming,2026-03-06
SKU00542,Laptop Model 259,laptop,2024-02-23
SKU00543,Tablet Model 732,tablet,2026-02-11
SKU00544,Smartphone Model 183,smartphone,2025-11-21
SKU00545,Accessory Model 777,accessory,2025-03-29
SKU00546,Audio Model 721,audio,2025-05-12
SKU00547,Smart_Home Model 379,smart_home,2025-02-28
SKU00548,Wearable Model 624,wearable,2026-02-12
SKU00549,Laptop Model 540,laptop,2024-12-19
SKU00550,Laptop Model 794,laptop,2024-10-17
SKU00551,Smart_Home Model 783,smart_home,2025-06-23
SKU00552,Accessory Model 325,accessory,2024-02-16
SKU00553,Audio Model 156,audio,2025-09-05
SKU00554,Smartphone Model 408,smartphone,2024-07-28
SKU00555,Wearable Model 240,wearable,2026-02-24
SKU00556,Accessory Model 435,accessory,2024-10-23
SKU00557,Laptop Model 609,laptop,2024-01-08
SKU00558,Audio Model 232,audio,2024-06-28
SKU00559,Audio Model 820,audio,2025-06-29
SKU00560,Wearable Model 672,wearable,2025-05-27
SKU00561,Gaming Model 506,gaming,2024-03-14
SKU00562,Smartphone Model 119,smartphone,2025-03-22
SKU00563,Smart_Home Model 982,smart_home,2024-03-20
SKU00564,Gaming Model 539,gaming,2025-08-12
SKU00565,Audio Model 755,audio,2025-12-27
SKU00566,Audio Model 217,audio,2024-10-23
SKU00567,Audio Model 432,audio,2024-01-22
SKU00568,Tablet Model 732,tablet,2026-03-31
SKU00569,Smart_Home Model 806,smart_home,2026-05-01
SKU00570,Gaming Model 547,gaming,2024-03-31
SKU00571,Laptop Model 546,laptop,2024-09-06
SKU00572,Audio Model 180,audio,2025-06-20
SKU00573,Audio Model 417,audio,2026-06-10
SKU00574,Gaming Model 441,gaming,2024-08-14
SKU00575,Tablet Model 622,tablet,2024-03-19
SKU00576,Laptop Model 622,laptop,2025-06-27
SKU00577,Wearable Model 457,wearable,2026-03-05
SKU00578,Gaming Model 938,gaming,2026-01-14
SKU00579,Tablet Model 205,tablet,2024-08-29
SKU00580,Tablet Model 302,tablet,2024-09-19
SKU00581,Tablet Model 256,tablet,2025-09-08
SKU00582,Laptop Model 891,laptop,2024-06-30
SKU00583,Smart_Home Model 872,smart_home,2025-04-20
SKU00584,Smart_Home Model 678,smart_home,2025-11-28
SKU00585,Gaming Model 742,gaming,2026-06-03
SKU00586,Gaming Model 550,gaming,2024-06-03
SKU00587,Laptop Model 552,laptop,2025-04-25
SKU00588,Accessory Model 381,accessory,2026-03-26
SKU00589,Smartphone Model 619,smartphone,2024-12-26
SKU00590,Laptop Model 572,laptop,2024-11-13
SKU00591,Smart_Home Model 158,smart_home,2024-02-08
SKU00592,Gaming Model 393,gaming,2026-05-01
SKU00593,Laptop Model 984,laptop,2025-10-22
SKU00594,Laptop Model 708,laptop,2025-09-21
SKU00595,Audio Model 694,audio,2025-04-18
SKU00596,Smartphone Model 929,smartphone,2025-04-05
SKU00597,Wearable Model 719,wearable,2024-11-25
SKU00598,Smart_Home Model 254,smart_home,2025-05-28
SKU00599,Smartphone Model 205,smartphone,2025-04-06
SKU00600,Gaming Model 186,gaming,2026-01-01
SKU00601,Tablet Model 353,tablet,2024-02-10
SKU00602,Smart_Home Model 636,smart_home,2025-03-25
SKU00603,Tablet Model 481,tablet,2025-01-07
SKU00604,Accessory Model 518,accessory,2025-01-31
SKU00605,Gaming Model 712,gaming,2025-11-26
SKU00606,Smartphone Model 746,smartphone,2026-03-19
SKU00607,Gaming Model 437,gaming,2024-03-08
SKU00608,Laptop Model 794,laptop,2025-07-25
SKU00609,Audio Model 358,audio,2024-10-17
SKU00610,Tablet Model 183,tablet,2024-12-07
SKU00611,Tablet Model 417,tablet,2024-12-24
SKU00612,Audio Model 709,audio,2024-05-12
SKU00613,Laptop Model 672,laptop,2024-11-13
SKU00614,Audio Model 910,audio,2025-10-20
SKU00615,Gaming Model 230,gaming,2026-04-12
SKU00616,Laptop Model 786,laptop,2025-10-23
SKU00617,Audio Model 470,audio,2025-06-04
SKU00618,Smartphone Model 416,smartphone,2025-01-06
SKU00619,Tablet Model 449,tablet,2024-08-07
SKU00620,Smart_Home Model 331,smart_home,2024-07-15
SKU00621,Tablet Model 179,tablet,2024-06-07
SKU00622,Accessory Model 907,accessory,2026-05-14
SKU00623,Laptop Model 889,laptop,2025-06-03
SKU00624,Smartphone Model 444,smartphone,2025-11-08
SKU00625,Tablet Model 485,tablet,2025-09-03
SKU00626,Tablet Model 285,tablet,2024-06-15
SKU00627,Tablet Model 548,tablet,2026-01-08
SKU00628,Smartphone Model 473,smartphone,2025-02-24
SKU00629,Wearable Model 725,wearable,2025-03-30
SKU00630,Accessory Model 866,accessory,2026-02-09
SKU00631,Smart_Home Model 646,smart_home,2024-08-27
SKU00632,Wearable Model 928,wearable,2024-11-12
SKU00633,Smart_Home Model 298,smart_home,2026-05-05
SKU00634,Gaming Model 684,gaming,2025-11-25
SKU00635,Smart_Home Model 887,smart_home,2025-04-17
SKU00636,Accessory Model 491,accessory,2026-03-07
SKU00637,Audio Model 936,audio,2024-06-14
SKU00638,Wearable Model 719,wearable,2026-03-31
SKU00639,Tablet Model 356,tablet,2026-06-12
SKU00640,Smartphone Model 592,smartphone,2025-10-18
SKU00641,Gaming Model 205,gaming,2025-07-21
SKU00642,Laptop Model 185,laptop,2024-10-18
SKU00643,Tablet Model 560,tablet,2024-10-06
SKU00644,Tablet Model 547,tablet,2026-04-30
SKU00645,Laptop Model 936,laptop,2024-08-15
SKU00646,Smart_Home Model 127,smart_home,2024-12-23
SKU00647,Audio Model 505,audio,2024-02-24
SKU00648,Gaming Model 495,gaming,2024-08-29
SKU00649,Laptop Model 329,laptop,2025-01-18
SKU00650,Smartphone Model 201,smartphone,2024-11-22
SKU00651,Gaming Model 249,gaming,2026-03-21
SKU00652,Tablet Model 393,tablet,2024-02-09
SKU00653,Smart_Home Model 951,smart_home,2025-12-13
SKU00654,Tablet Model 822,tablet,2026-02-16
SKU00655,Smart_Home Model 730,smart_home,2025-04-04
SKU00656,Smartphone Model 119,smartphone,2024-03-22
SKU00657,Accessory Model 955,accessory,2024-08-08
SKU00658,Tablet Model 844,tablet,2025-07-15
SKU00659,Audio Model 894,audio,2024-04-23
SKU00660,Accessory Model 408,accessory,2024-08-31
SKU00661,Laptop Model 344,laptop,2024-02-18
SKU00662,Audio Model 912,audio,2025-10-16
SKU00663,Smart_Home Model 213,smart_home,2024-03-05
SKU00664,Smart_Home Model 648,smart_home,2025-09-03
SKU00665,Smartphone Model 627,smartphone,2025-10-09
SKU00666,Wearable Model 247,wearable,2026-01-05
SKU00667,Accessory Model 101,accessory,2025-03-15
SKU00668,Gaming Model 684,gaming,2024-09-03
SKU00669,Audio Model 780,audio,2024-07-10
SKU00670,Laptop Model 469,laptop,2025-06-20
SKU00671,Laptop Model 657,laptop,2025-06-22
SKU00672,Smartphone Model 994,smartphone,2025-02-03
SKU00673,Smart_Home Model 750,smart_home,2024-02-14
SKU00674,Audio Model 359,audio,2025-01-17
SKU00675,Smartphone Model 907,smartphone,2024-12-31
SKU00676,Laptop Model 346,laptop,2024-12-19
SKU00677,Laptop Model 695,laptop,2026-03-01
SKU00678,Gaming Model 145,gaming,2024-05-16
SKU00679,Gaming Model 446,gaming,2025-07-13
SKU00680,Tablet Model 897,tablet,2026-04-30
SKU00681,Smart_Home Model 590,smart_home,2025-12-13
SKU00682,Tablet Model 238,tablet,2026-04-10
SKU00683,Laptop Model 894,laptop,2026-01-03
SKU00684,Smart_Home Model 400,smart_home,2024-02-07
SKU00685,Wearable Model 910,wearable,2024-02-14
SKU00686,Wearable Model 423,wearable,2024-02-12
SKU00687,Accessory Model 507,accessory,2025-06-11
SKU00688,Smart_Home Model 137,smart_home,2024-09-16
SKU00689,Wearable Model 465,wearable,2024-10-19
SKU00690,Smartphone Model 771,smartphone,2026-06-05
SKU00691,Gaming Model 227,gaming,2024-10-06
SKU00692,Gaming Model 509,gaming,2025-03-23
SKU00693,Smart_Home Model 447,smart_home,2025-01-30
SKU00694,Tablet Model 808,tablet,2025-05-23
SKU00695,Smart_Home Model 916,smart_home,2025-01-11
SKU00696,Accessory Model 184,accessory,2026-03-31
SKU00697,Audio Model 540,audio,2024-03-21
SKU00698,Tablet Model 400,tablet,2025-07-12
SKU00699,Gaming Model 181,gaming,2024-04-15
SKU00700,Gaming Model 402,gaming,2025-11-07
SKU00701,Accessory Model 717,accessory,2025-04-01
SKU00702,Audio Model 806,audio,2024-06-19
SKU00703,Smart_Home Model 557,smart_home,2024-12-25
SKU00704,Smartphone Model 990,smartphone,2026-01-14
SKU00705,Gaming Model 545,gaming,2025-09-21
SKU00706,Accessory Model 910,accessory,2025-10-16
SKU00707,Smartphone Model 787,smartphone,2024-03-17
SKU00708,Audio Model 625,audio,2025-01-07
SKU00709,Tablet Model 246,tablet,2024-02-01
SKU00710,Smart_Home Model 229,smart_home,2024-02-05
SKU00711,Laptop Model 897,laptop,2024-08-29
SKU00712,Gaming Model 492,gaming,2025-01-05
SKU00713,Smartphone Model 257,smartphone,2025-09-11
SKU00714,Smart_Home Model 480,smart_home,2025-01-14
SKU00715,Smart_Home Model 178,smart_home,2026-02-20
SKU00716,Tablet Model 475,tablet,2025-06-26
SKU00717,Audio Model 765,audio,2024-11-17
SKU00718,Accessory Model 216,accessory,2024-09-12
SKU00719,Smartphone Model 290,smartphone,2026-01-23
SKU00720,Smart_Home Model 496,smart_home,2025-06-14
SKU00721,Laptop Model 893,laptop,2024-09-25
SKU00722,Accessory Model 556,accessory,2025-12-21
SKU00723,Wearable Model 392,wearable,2025-09-18
SKU00724,Smart_Home Model 225,smart_home,2024-07-23
SKU00725,Tablet Model 175,tablet,2026-05-23
SKU00726,Smart_Home Model 830,smart_home,2024-06-25
SKU00727,Smart_Home Model 929,smart_home,2024-03-30
SKU00728,Gaming Model 455,gaming,2025-11-14
SKU00729,Laptop Model 655,laptop,2025-07-17
SKU00730,Accessory Model 971,accessory,2024-11-03
SKU00731,Tablet Model 826,tablet,2025-12-29
SKU00732,Tablet Model 470,tablet,2026-03-23
SKU00733,Wearable Model 305,wearable,2024-05-04
SKU00734,Tablet Model 909,tablet,2024-08-30
SKU00735,Smart_Home Model 469,smart_home,2024-01-27
SKU00736,Gaming Model 922,gaming,2025-04-23
SKU00737,Tablet Model 188,tablet,2025-09-18
SKU00738,Laptop Model 507,laptop,2024-11-12
SKU00739,Smart_Home Model 520,smart_home,2025-06-22
SKU00740,Audio Model 688,audio,2026-04-23
SKU00741,Laptop Model 424,laptop,2024-05-08
SKU00742,Laptop Model 577,laptop,2025-04-05
SKU00743,Gaming Model 999,gaming,2024-05-11
SKU00744,Tablet Model 232,tablet,2026-02-25
SKU00745,Audio Model 989,audio,2025-05-29
SKU00746,Smartphone Model 227,smartphone,2026-05-01
SKU00747,Tablet Model 268,tablet,2024-11-07
SKU00748,Tablet Model 826,tablet,2024-11-26
SKU00749,Wearable Model 631,wearable,2024-12-20
SKU00750,Accessory Model 180,accessory,2026-05-16
SKU00751,Accessory Model 750,accessory,2024-07-20
SKU00752,Accessory Model 740,accessory,2024-05-08
SKU00753,Accessory Model 646,accessory,2025-09-21
SKU00754,Laptop Model 756,laptop,2025-05-29
SKU00755,Tablet Model 694,tablet,2025-08-29
SKU00756,Tablet Model 774,tablet,2024-06-24
SKU00757,Gaming Model 677,gaming,2026-05-12
SKU00758,Smartphone Model 984,smartphone,2026-04-25
SKU00759,Smartphone Model 146,smartphone,2024-03-24
SKU00760,Accessory Model 315,accessory,2025-10-28
SKU00761,Audio Model 754,audio,2025-09-24
SKU00762,Smartphone Model 742,smartphone,2025-05-24
SKU00763,Accessory Model 409,accessory,2025-10-19
SKU00764,Smart_Home Model 924,smart_home,2024-09-07
SKU00765,Audio Model 564,audio,2024-10-31
SKU00766,Laptop Model 161,laptop,2025-12-06
SKU00767,Tablet Model 525,tablet,2025-03-26
SKU00768,Smart_Home Model 308,smart_home,2025-04-20
SKU00769,Gaming Model 247,gaming,2025-09-13
SKU00770,Gaming Model 835,gaming,2026-06-01
SKU00771,Gaming Model 981,gaming,2026-01-21
SKU00772,Gaming Model 233,gaming,2025-02-12
SKU00773,Gaming Model 675,gaming,2025-06-11
SKU00774,Laptop Model 347,laptop,2024-11-22
SKU00775,Smart_Home Model 373,smart_home,2024-05-05
SKU00776,Smart_Home Model 244,smart_home,2024-09-10
SKU00777,Laptop Model 397,laptop,2024-02-21
SKU00778,Audio Model 730,audio,2026-06-03
SKU00779,Audio Model 986,audio,2024-09-11
SKU00780,Tablet Model 435,tablet,2026-04-13
SKU00781,Gaming Model 881,gaming,2024-07-13
SKU00782,Tablet Model 627,tablet,2025-05-25
SKU00783,Smart_Home Model 415,smart_home,2025-05-25
SKU00784,Smart_Home Model 192,smart_home,2024-01-24
SKU00785,Audio Model 568,audio,2025-06-01
SKU00786,Wearable Model 697,wearable,2024-08-08
SKU00787,Gaming Model 151,gaming,2024-02-19
SKU00788,Accessory Model 711,accessory,2025-05-21
SKU00789,Smart_Home Model 649,smart_home,2024-10-19
SKU00790,Smartphone Model 210,smartphone,2026-05-17
SKU00791,Audio Model 370,audio,2024-05-17
SKU00792,Gaming Model 512,gaming,2026-02-21
SKU00793,Gaming Model 510,gaming,2024-02-16
SKU00794,Smartphone Model 675,smartphone,2025-08-06
SKU00795,Wearable Model 666,wearable,2025-01-06
SKU00796,Accessory Model 495,accessory,2024-03-16
SKU00797,Smart_Home Model 663,smart_home,2026-02-21
SKU00798,Accessory Model 738,accessory,2026-04-25
SKU00799,Laptop Model 199,laptop,2024-05-11
SKU00800,Audio Model 913,audio,2025-01-17
SKU00801,Gaming Model 474,gaming,2025-07-25
SKU00802,Tablet Model 716,tablet,2024-07-22
SKU00803,Audio Model 141,audio,2025-05-27
SKU00804,Smartphone Model 240,smartphone,2024-02-09
SKU00805,Gaming Model 585,gaming,2026-04-03
SKU00806,Smart_Home Model 720,smart_home,2024-06-01
SKU00807,Tablet Model 727,tablet,2024-12-01
SKU00808,Gaming Model 502,gaming,2024-06-15
SKU00809,Accessory Model 444,accessory,2025-08-30
SKU00810,Smart_Home Model 676,smart_home,2025-12-26
SKU00811,Accessory Model 935,accessory,2025-05-01
SKU00812,Smartphone Model 439,smartphone,2025-01-12
SKU00813,Laptop Model 697,laptop,2025-03-02
SKU00814,Accessory Model 842,accessory,2026-03-26
SKU00815,Smartphone Model 585,smartphone,2025-09-03
SKU00816,Accessory Model 901,accessory,2025-11-02
SKU00817,Wearable Model 152,wearable,2026-01-08
SKU00818,Smart_Home Model 636,smart_home,2024-06-23
SKU00819,Audio Model 941,audio,2024-05-31
SKU00820,Wearable Model 686,wearable,2024-02-02
SKU00821,Laptop Model 119,laptop,2024-07-14
SKU00822,Smart_Home Model 528,smart_home,2024-11-17
SKU00823,Tablet Model 807,tablet,2025-02-26
SKU00824,Wearable Model 613,wearable,2025-02-24
SKU00825,Smart_Home Model 968,smart_home,2026-06-12
SKU00826,Smartphone Model 241,smartphone,2025-12-23
SKU00827,Wearable Model 432,wearable,2025-07-28
SKU00828,Smart_Home Model 485,smart_home,2025-06-22
SKU00829,Gaming Model 570,gaming,2024-06-26
SKU00830,Gaming Model 462,gaming,2025-07-13
SKU00831,Accessory Model 595,accessory,2025-09-16
SKU00832,Wearable Model 385,wearable,2024-09-09
SKU00833,Accessory Model 404,accessory,2024-08-18
SKU00834,Accessory Model 312,accessory,2025-12-22
SKU00835,Smart_Home Model 591,smart_home,2024-11-20
SKU00836,Gaming Model 914,gaming,2025-07-27
SKU00837,Accessory Model 224,accessory,2024-10-21
SKU00838,Audio Model 938,audio,2025-02-08
SKU00839,Gaming Model 923,gaming,2026-03-02
SKU00840,Tablet Model 143,tablet,2024-10-24
SKU00841,Accessory Model 180,accessory,2026-01-01
SKU00842,Gaming Model 771,gaming,2025-03-28
SKU00843,Accessory Model 590,accessory,2026-02-04
SKU00844,Wearable Model 947,wearable,2024-07-25
SKU00845,Accessory Model 812,accessory,2025-07-29
SKU00846,Accessory Model 211,accessory,2024-05-20
SKU00847,Wearable Model 151,wearable,2024-09-05
SKU00848,Wearable Model 338,wearable,2025-10-15
SKU00849,Smartphone Model 523,smartphone,2024-04-12
SKU00850,Gaming Model 583,gaming,2026-01-04
SKU00851,Laptop Model 889,laptop,2025-11-28
SKU00852,Tablet Model 663,tablet,2024-01-06
SKU00853,Tablet Model 768,tablet,2025-02-20
SKU00854,Smart_Home Model 766,smart_home,2025-05-03
SKU00855,Wearable Model 394,wearable,2026-02-13
SKU00856,Gaming Model 761,gaming,2024-10-19
SKU00857,Smartphone Model 191,smartphone,2026-02-26
SKU00858,Wearable Model 856,wearable,2025-07-01
SKU00859,Smartphone Model 527,smartphone,2024-06-28
SKU00860,Tablet Model 956,tablet,2024-02-07
SKU00861,Audio Model 607,audio,2026-03-17
SKU00862,Tablet Model 993,tablet,2026-02-05
SKU00863,Accessory Model 138,accessory,2026-06-16
SKU00864,Smartphone Model 681,smartphone,2024-11-01
SKU00865,Laptop Model 391,laptop,2024-12-09
SKU00866,Smart_Home Model 656,smart_home,2025-10-18
SKU00867,Smart_Home Model 971,smart_home,2024-05-17
SKU00868,Smart_Home Model 297,smart_home,2024-10-06
SKU00869,Laptop Model 266,laptop,2024-12-04
SKU00870,Smart_Home Model 363,smart_home,2025-10-25
SKU00871,Tablet Model 854,tablet,2024-01-15
SKU00872,Gaming Model 402,gaming,2026-03-20
SKU00873,Wearable Model 725,wearable,2024-06-28
SKU00874,Audio Model 537,audio,2026-04-26
SKU00875,Gaming Model 510,gaming,2024-03-29
SKU00876,Laptop Model 243,laptop,2024-07-08
SKU00877,Smart_Home Model 354,smart_home,2024-11-27
SKU00878,Smartphone Model 492,smartphone,2024-09-24
SKU00879,Wearable Model 871,wearable,2025-04-02
SKU00880,Accessory Model 409,accessory,2024-12-03
SKU00881,Smartphone Model 769,smartphone,2024-09-24
SKU00882,Gaming Model 341,gaming,2025-12-10
SKU00883,Smartphone Model 221,smartphone,2025-11-14
SKU00884,Smart_Home Model 263,smart_home,2024-11-10
SKU00885,Audio Model 614,audio,2025-12-03
SKU00886,Accessory Model 220,accessory,2025-12-07
SKU00887,Accessory Model 729,accessory,2025-01-11
SKU00888,Wearable Model 236,wearable,2024-08-12
SKU00889,Smart_Home Model 565,smart_home,2024-06-05
SKU00890,Gaming Model 818,gaming,2025-03-01
SKU00891,Smart_Home Model 650,smart_home,2026-02-14
SKU00892,Wearable Model 353,wearable,2026-02-19
SKU00893,Laptop Model 557,laptop,2025-06-22
SKU00894,Gaming Model 677,gaming,2024-03-20
SKU00895,Laptop Model 948,laptop,2024-03-04
SKU00896,Wearable Model 649,wearable,2025-08-09
SKU00897,Tablet Model 435,tablet,2024-06-17
SKU00898,Smart_Home Model 796,smart_home,2024-04-29
SKU00899,Wearable Model 697,wearable,2026-01-04
SKU00900,Smart_Home Model 622,smart_home,2024-04-03
SKU00901,Smart_Home Model 156,smart_home,2026-04-08
SKU00902,Smart_Home Model 625,smart_home,2024-05-15
SKU00903,Audio Model 677,audio,2025-04-12
SKU00904,Smartphone Model 573,smartphone,2025-07-26
SKU00905,Accessory Model 122,accessory,2026-01-10
SKU00906,Audio Model 936,audio,2024-09-17
SKU00907,Smartphone Model 323,smartphone,2026-02-02
SKU00908,Laptop Model 533,laptop,2024-02-16
SKU00909,Gaming Model 165,gaming,2025-12-18
SKU00910,Smartphone Model 583,smartphone,2024-03-11
SKU00911,Smartphone Model 518,smartphone,2024-10-20
SKU00912,Tablet Model 238,tablet,2026-02-26
SKU00913,Audio Model 491,audio,2025-01-18
SKU00914,Smart_Home Model 486,smart_home,2026-06-09
SKU00915,Audio Model 799,audio,2024-03-23
SKU00916,Tablet Model 980,tablet,2025-10-31
SKU00917,Gaming Model 282,gaming,2024-05-01
SKU00918,Audio Model 230,audio,2025-06-25
SKU00919,Wearable Model 103,wearable,2026-05-04
SKU00920,Smartphone Model 574,smartphone,2024-11-01
SKU00921,Audio Model 488,audio,2025-06-28
SKU00922,Wearable Model 571,wearable,2024-09-10
SKU00923,Gaming Model 382,gaming,2024-06-07
SKU00924,Wearable Model 842,wearable,2026-06-15
SKU00925,Laptop Model 928,laptop,2024-02-02
SKU00926,Audio Model 884,audio,2025-09-21
SKU00927,Smartphone Model 311,smartphone,2024-09-03
SKU00928,Laptop Model 708,laptop,2024-04-13
SKU00929,Smartphone Model 712,smartphone,2025-04-02
SKU00930,Smartphone Model 858,smartphone,2024-09-07
SKU00931,Smartphone Model 549,smartphone,2025-02-15
SKU00932,Wearable Model 322,wearable,2025-07-06
SKU00933,Smartphone Model 615,smartphone,2024-05-23
SKU00934,Accessory Model 935,accessory,2024-08-27
SKU00935,Gaming Model 712,gaming,2025-08-14
SKU00936,Gaming Model 409,gaming,2024-08-30
SKU00937,Tablet Model 633,tablet,2025-11-07
SKU00938,Wearable Model 407,wearable,2025-02-27
SKU00939,Accessory Model 670,accessory,2024-03-03
SKU00940,Tablet Model 795,tablet,2025-10-03
SKU00941,Audio Model 607,audio,2025-07-23
SKU00942,Smartphone Model 758,smartphone,2024-12-18
SKU00943,Audio Model 637,audio,2026-03-15
SKU00944,Gaming Model 526,gaming,2025-12-14
SKU00945,Audio Model 407,audio,2024-06-01
SKU00946,Audio Model 872,audio,2024-07-07
SKU00947,Smart_Home Model 969,smart_home,2024-09-03
SKU00948,Wearable Model 978,wearable,2024-11-03
SKU00949,Tablet Model 574,tablet,2026-04-05
SKU00950,Smartphone Model 522,smartphone,2025-07-29
SKU00951,Audio Model 642,audio,2025-07-24
SKU00952,Tablet Model 348,tablet,2025-02-01
SKU00953,Accessory Model 438,accessory,2024-07-27
SKU00954,Laptop Model 967,laptop,2025-04-05
SKU00955,Gaming Model 648,gaming,2024-04-04
SKU00956,Wearable Model 374,wearable,2024-02-22
SKU00957,Audio Model 719,audio,2025-11-20
SKU00958,Smartphone Model 174,smartphone,2026-06-13
SKU00959,Wearable Model 879,wearable,2026-04-03
SKU00960,Wearable Model 313,wearable,2025-05-05
SKU00961,Gaming Model 115,gaming,2024-11-06
SKU00962,Wearable Model 859,wearable,2024-07-13
SKU00963,Laptop Model 872,laptop,2026-02-03
SKU00964,Smart_Home Model 812,smart_home,2024-09-05
SKU00965,Wearable Model 345,wearable,2025-02-10
SKU00966,Gaming Model 389,gaming,2026-03-05
SKU00967,Audio Model 646,audio,2025-04-22
SKU00968,Gaming Model 367,gaming,2024-11-11
SKU00969,Gaming Model 609,gaming,2025-06-09
SKU00970,Smart_Home Model 922,smart_home,2024-04-10
SKU00971,Smart_Home Model 959,smart_home,2026-02-18
SKU00972,Gaming Model 479,gaming,2024-07-27
SKU00973,Gaming Model 146,gaming,2025-02-27
SKU00974,Wearable Model 249,wearable,2026-01-29
SKU00975,Smartphone Model 666,smartphone,2024-09-24
SKU00976,Audio Model 256,audio,2024-10-29
SKU00977,Wearable Model 335,wearable,2024-12-03
SKU00978,Audio Model 953,audio,2025-08-06
SKU00979,Wearable Model 663,wearable,2025-05-26
SKU00980,Gaming Model 881,gaming,2024-09-20
SKU00981,Smart_Home Model 757,smart_home,2026-01-10
SKU00982,Smart_Home Model 272,smart_home,2025-04-16
SKU00983,Gaming Model 243,gaming,2024-06-22
SKU00984,Smart_Home Model 655,smart_home,2024-07-07
SKU00985,Smartphone Model 134,smartphone,2025-06-20
SKU00986,Laptop Model 784,laptop,2026-04-17
SKU00987,Smartphone Model 106,smartphone,2026-02-21
SKU00988,Audio Model 962,audio,2024-05-20
SKU00989,Wearable Model 824,wearable,2024-03-10
SKU00990,Tablet Model 323,tablet,2024-01-10
SKU00991,Smart_Home Model 161,smart_home,2025-01-17
SKU00992,Smart_Home Model 599,smart_home,2025-11-06
SKU00993,Smartphone Model 644,smartphone,2024-01-07
SKU00994,Audio Model 117,audio,2024-01-13
SKU00995,Accessory Model 393,accessory,2025-07-02
SKU00996,Smartphone Model 932,smartphone,2025-05-29
SKU00997,Audio Model 283,audio,2026-04-05
SKU00998,Laptop Model 636,laptop,2024-04-08
SKU00999,Tablet Model 296,tablet,2024-09-03
SKU01000,Accessory Model 462,accessory,2026-04-14
SKU01001,Accessory Model 506,accessory,2026-03-25
SKU01002,Laptop Model 515,laptop,2025-01-17
SKU01003,Smart_Home Model 349,smart_home,2025-08-01
SKU01004,Wearable Model 800,wearable,2024-11-03
SKU01005,Laptop Model 978,laptop,2025-10-31
SKU01006,Smartphone Model 515,smartphone,2024-04-05
SKU01007,Audio Model 665,audio,2025-01-21
SKU01008,Smart_Home Model 752,smart_home,2024-02-27
SKU01009,Smartphone Model 275,smartphone,2025-12-20
SKU01010,Laptop Model 965,laptop,2025-05-26
SKU01011,Audio Model 903,audio,2025-10-22
SKU01012,Gaming Model 978,gaming,2025-08-02
SKU01013,Laptop Model 143,laptop,2025-06-24
SKU01014,Wearable Model 988,wearable,2024-08-04
SKU01015,Smart_Home Model 147,smart_home,2024-10-04
SKU01016,Laptop Model 387,laptop,2025-12-01
SKU01017,Smartphone Model 970,smartphone,2024-07-02
SKU01018,Gaming Model 312,gaming,2024-01-17
SKU01019,Tablet Model 940,tablet,2026-02-09
SKU01020,Audio Model 406,audio,2024-03-19
SKU01021,Tablet Model 346,tablet,2025-07-31
SKU01022,Audio Model 653,audio,2025-11-24
SKU01023,Gaming Model 873,gaming,2025-01-28
SKU01024,Tablet Model 805,tablet,2026-03-20
SKU01025,Laptop Model 863,laptop,2025-05-27
SKU01026,Gaming Model 200,gaming,2024-02-24
SKU01027,Audio Model 958,audio,2024-08-25
SKU01028,Laptop Model 719,laptop,2024-12-14
SKU01029,Audio Model 434,audio,2026-03-03
SKU01030,Smartphone Model 379,smartphone,2025-10-11
SKU01031,Smart_Home Model 333,smart_home,2025-05-17
SKU01032,Gaming Model 484,gaming,2025-07-20
SKU01033,Audio Model 796,audio,2024-07-09
SKU01034,Audio Model 890,audio,2024-03-28
SKU01035,Accessory Model 352,accessory,2026-03-28
SKU01036,Laptop Model 374,laptop,2024-03-25
SKU01037,Tablet Model 828,tablet,2025-01-24
SKU01038,Tablet Model 498,tablet,2026-01-27
SKU01039,Gaming Model 209,gaming,2025-01-04
SKU01040,Laptop Model 415,laptop,2024-01-06
SKU01041,Smart_Home Model 879,smart_home,2025-01-03
SKU01042,Accessory Model 235,accessory,2024-04-14
SKU01043,Laptop Model 541,laptop,2024-07-10
SKU01044,Smart_Home Model 668,smart_home,2025-07-24
SKU01045,Audio Model 126,audio,2024-04-15
SKU01046,Laptop Model 667,laptop,2024-12-28
SKU01047,Laptop Model 712,laptop,2025-09-03
SKU01048,Gaming Model 494,gaming,2026-06-03
SKU01049,Smartphone Model 523,smartphone,2024-10-25
SKU01050,Audio Model 186,audio,2026-03-08
SKU01051,Wearable Model 633,wearable,2025-08-08
SKU01052,Tablet Model 489,tablet,2025-12-02
SKU01053,Tablet Model 375,tablet,2024-05-22
SKU01054,Accessory Model 604,accessory,2024-10-01
SKU01055,Tablet Model 271,tablet,2024-03-05
SKU01056,Audio Model 531,audio,2024-10-09
SKU01057,Accessory Model 901,accessory,2025-05-10
SKU01058,Laptop Model 357,laptop,2025-01-04
SKU01059,Wearable Model 740,wearable,2026-01-08
SKU01060,Smart_Home Model 731,smart_home,2025-08-31
SKU01061,Wearable Model 209,wearable,2025-04-13
SKU01062,Tablet Model 106,tablet,2024-11-07
SKU01063,Audio Model 961,audio,2024-12-06
SKU01064,Audio Model 982,audio,2026-04-03
SKU01065,Gaming Model 442,gaming,2025-03-26
SKU01066,Audio Model 943,audio,2026-04-15
SKU01067,Tablet Model 428,tablet,2024-11-03
SKU01068,Wearable Model 421,wearable,2025-05-05
SKU01069,Tablet Model 426,tablet,2025-02-11
SKU01070,Accessory Model 811,accessory,2026-01-22
SKU01071,Smart_Home Model 900,smart_home,2025-08-12
SKU01072,Wearable Model 485,wearable,2024-11-29
SKU01073,Accessory Model 904,accessory,2026-04-16
SKU01074,Audio Model 216,audio,2025-01-08
SKU01075,Wearable Model 658,wearable,2025-08-29
SKU01076,Tablet Model 886,tablet,2025-11-29
SKU01077,Smartphone Model 572,smartphone,2026-01-14
SKU01078,Wearable Model 916,wearable,2025-03-24
SKU01079,Accessory Model 809,accessory,2026-05-01
SKU01080,Laptop Model 968,laptop,2026-04-18
SKU01081,Audio Model 611,audio,2025-11-20
SKU01082,Tablet Model 410,tablet,2025-10-10
SKU01083,Wearable Model 774,wearable,2024-09-15
SKU01084,Tablet Model 533,tablet,2026-01-02
SKU01085,Audio Model 559,audio,2024-03-16
SKU01086,Smart_Home Model 510,smart_home,2025-08-19
SKU01087,Audio Model 137,audio,2025-07-10
SKU01088,Gaming Model 931,gaming,2025-12-19
SKU01089,Laptop Model 887,laptop,2024-04-21
SKU01090,Wearable Model 780,wearable,2025-11-04
SKU01091,Gaming Model 762,gaming,2024-06-19
SKU01092,Smartphone Model 760,smartphone,2025-07-30
SKU01093,Audio Model 439,audio,2026-02-09
SKU01094,Audio Model 110,audio,2024-04-18
SKU01095,Laptop Model 327,laptop,2024-09-21
SKU01096,Wearable Model 483,wearable,2025-04-01
SKU01097,Audio Model 890,audio,2025-04-19
SKU01098,Tablet Model 125,tablet,2024-12-19
SKU01099,Smart_Home Model 402,smart_home,2024-04-17
SKU01100,Audio Model 218,audio,2024-03-28
SKU01101,Tablet Model 419,tablet,2024-12-22
SKU01102,Gaming Model 903,gaming,2025-04-11
SKU01103,Wearable Model 594,wearable,2025-06-17
SKU01104,Gaming Model 199,gaming,2025-05-02
SKU01105,Smart_Home Model 813,smart_home,2026-01-09
SKU01106,Smart_Home Model 168,smart_home,2024-11-22
SKU01107,Accessory Model 929,accessory,2024-02-15
SKU01108,Laptop Model 969,laptop,2024-01-24
SKU01109,Gaming Model 211,gaming,2025-10-25
SKU01110,Tablet Model 349,tablet,2026-01-28
SKU01111,Tablet Model 263,tablet,2025-07-19
SKU01112,Gaming Model 536,gaming,2025-07-27
SKU01113,Smart_Home Model 916,smart_home,2024-08-25
SKU01114,Audio Model 288,audio,2025-10-06
SKU01115,Tablet Model 773,tablet,2025-10-17
SKU01116,Audio Model 129,audio,2025-02-09
SKU01117,Wearable Model 706,wearable,2025-04-05
SKU01118,Audio Model 104,audio,2025-02-02
SKU01119,Wearable Model 385,wearable,2024-07-29
SKU01120,Laptop Model 204,laptop,2025-08-14
SKU01121,Tablet Model 433,tablet,2025-01-09
SKU01122,Wearable Model 216,wearable,2025-04-13
SKU01123,Accessory Model 983,accessory,2025-11-17
SKU01124,Smart_Home Model 754,smart_home,2025-06-24
SKU01125,Gaming Model 497,gaming,2025-09-03
SKU01126,Audio Model 216,audio,2025-08-24
SKU01127,Gaming Model 965,gaming,2024-12-26
SKU01128,Smart_Home Model 276,smart_home,2025-09-24
SKU01129,Accessory Model 704,accessory,2025-09-21
SKU01130,Laptop Model 237,laptop,2025-11-19
SKU01131,Gaming Model 344,gaming,2024-04-30
SKU01132,Accessory Model 287,accessory,2024-04-29
SKU01133,Gaming Model 244,gaming,2025-12-11
SKU01134,Audio Model 710,audio,2025-03-04
SKU01135,Tablet Model 492,tablet,2025-08-11
SKU01136,Audio Model 598,audio,2024-07-09
SKU01137,Tablet Model 270,tablet,2025-07-22
SKU01138,Smart_Home Model 243,smart_home,2024-10-22
SKU01139,Tablet Model 962,tablet,2024-11-18
SKU01140,Smart_Home Model 154,smart_home,2025-09-26
SKU01141,Gaming Model 596,gaming,2024-01-10
SKU01142,Tablet Model 934,tablet,2024-07-18
SKU01143,Audio Model 617,audio,2025-07-29
SKU01144,Smart_Home Model 801,smart_home,2025-02-22
SKU01145,Smart_Home Model 827,smart_home,2025-03-01
SKU01146,Smart_Home Model 271,smart_home,2025-05-15
SKU01147,Laptop Model 131,laptop,2025-08-01
SKU01148,Wearable Model 133,wearable,2024-10-26
SKU01149,Accessory Model 650,accessory,2024-08-18
SKU01150,Accessory Model 899,accessory,2024-06-21
SKU01151,Smart_Home Model 860,smart_home,2025-08-02
SKU01152,Smart_Home Model 623,smart_home,2025-07-16
SKU01153,Laptop Model 216,laptop,2025-08-09
SKU01154,Accessory Model 656,accessory,2026-03-04
SKU01155,Gaming Model 942,gaming,2025-07-09
SKU01156,Smartphone Model 836,smartphone,2026-02-17
SKU01157,Smart_Home Model 323,smart_home,2025-07-13
SKU01158,Audio Model 853,audio,2024-04-14
SKU01159,Wearable Model 995,wearable,2024-10-31
SKU01160,Smartphone Model 369,smartphone,2025-04-05
SKU01161,Gaming Model 936,gaming,2026-06-01
SKU01162,Laptop Model 986,laptop,2025-03-25
SKU01163,Laptop Model 931,laptop,2026-03-05
SKU01164,Wearable Model 930,wearable,2024-08-02
SKU01165,Gaming Model 827,gaming,2026-05-31
SKU01166,Audio Model 730,audio,2024-06-18
SKU01167,Tablet Model 311,tablet,2026-03-14
SKU01168,Wearable Model 160,wearable,2026-04-04
SKU01169,Gaming Model 387,gaming,2025-06-29
SKU01170,Tablet Model 820,tablet,2024-11-27
SKU01171,Accessory Model 686,accessory,2024-10-23
SKU01172,Accessory Model 626,accessory,2026-05-28
SKU01173,Laptop Model 868,laptop,2024-05-18
SKU01174,Audio Model 383,audio,2024-03-01
SKU01175,Tablet Model 986,tablet,2025-12-19
SKU01176,Tablet Model 249,tablet,2024-09-12
SKU01177,Gaming Model 353,gaming,2026-04-28
SKU01178,Audio Model 245,audio,2025-05-16
SKU01179,Accessory Model 524,accessory,2025-10-04
SKU01180,Audio Model 177,audio,2025-04-07
SKU01181,Laptop Model 627,laptop,2025-02-16
SKU01182,Accessory Model 998,accessory,2025-12-12
SKU01183,Gaming Model 599,gaming,2025-04-10
SKU01184,Gaming Model 102,gaming,2025-08-18
SKU01185,Laptop Model 569,laptop,2026-01-18
SKU01186,Gaming Model 164,gaming,2026-05-20
SKU01187,Audio Model 539,audio,2024-08-11
SKU01188,Wearable Model 374,wearable,2025-05-21
SKU01189,Gaming Model 390,gaming,2026-04-28
SKU01190,Gaming Model 691,gaming,2025-07-14
SKU01191,Tablet Model 972,tablet,2025-08-02
SKU01192,Smart_Home Model 451,smart_home,2026-03-18
SKU01193,Smartphone Model 201,smartphone,2024-02-17
SKU01194,Smart_Home Model 227,smart_home,2024-01-17
SKU01195,Tablet Model 567,tablet,2025-03-27
SKU01196,Smartphone Model 307,smartphone,2025-03-14
SKU01197,Tablet Model 409,tablet,2025-10-27
SKU01198,Tablet Model 997,tablet,2026-06-14
SKU01199,Accessory Model 770,accessory,2024-04-05
SKU01200,Gaming Model 184,gaming,2024-09-13
SKU01201,Gaming Model 764,gaming,2025-11-11
SKU01202,Tablet Model 505,tablet,2024-02-23
SKU01203,Accessory Model 816,accessory,2026-01-13
SKU01204,Wearable Model 771,wearable,2025-03-15
SKU01205,Laptop Model 197,laptop,2025-12-21
SKU01206,Smartphone Model 588,smartphone,2024-08-06
SKU01207,Laptop Model 707,laptop,2024-05-15
SKU01208,Wearable Model 796,wearable,2025-06-15
SKU01209,Smart_Home Model 108,smart_home,2024-01-10
SKU01210,Gaming Model 223,gaming,2026-04-16
SKU01211,Audio Model 235,audio,2025-12-11
SKU01212,Smart_Home Model 334,smart_home,2024-03-13
SKU01213,Audio Model 848,audio,2024-04-01
SKU01214,Laptop Model 420,laptop,2024-04-15
SKU01215,Gaming Model 240,gaming,2024-11-02
SKU01216,Audio Model 932,audio,2026-03-03
SKU01217,Tablet Model 793,tablet,2025-10-18
SKU01218,Tablet Model 643,tablet,2024-03-11
SKU01219,Smartphone Model 765,smartphone,2025-09-16
SKU01220,Tablet Model 459,tablet,2025-03-26
SKU01221,Wearable Model 866,wearable,2025-10-05
SKU01222,Tablet Model 730,tablet,2025-02-25
SKU01223,Smart_Home Model 322,smart_home,2026-05-30
SKU01224,Laptop Model 243,laptop,2024-04-12
SKU01225,Laptop Model 847,laptop,2025-08-26
SKU01226,Audio Model 539,audio,2024-12-25
SKU01227,Gaming Model 243,gaming,2026-03-21
SKU01228,Wearable Model 760,wearable,2024-10-10
SKU01229,Laptop Model 666,laptop,2024-09-11
SKU01230,Accessory Model 807,accessory,2026-03-08
SKU01231,Smartphone Model 967,smartphone,2026-05-18
SKU01232,Accessory Model 630,accessory,2024-07-29
SKU01233,Wearable Model 501,wearable,2026-02-04
SKU01234,Accessory Model 155,accessory,2025-10-23
SKU01235,Wearable Model 495,wearable,2025-05-21
SKU01236,Laptop Model 611,laptop,2024-09-03
SKU01237,Laptop Model 112,laptop,2025-06-24
SKU01238,Gaming Model 235,gaming,2024-11-20
SKU01239,Audio Model 959,audio,2026-05-31
SKU01240,Audio Model 659,audio,2025-01-09
SKU01241,Tablet Model 582,tablet,2026-02-20
SKU01242,Laptop Model 701,laptop,2024-01-18
SKU01243,Laptop Model 368,laptop,2024-01-15
SKU01244,Wearable Model 161,wearable,2024-02-10
SKU01245,Audio Model 393,audio,2025-06-02
SKU01246,Audio Model 818,audio,2025-03-09
SKU01247,Audio Model 755,audio,2024-03-25
SKU01248,Tablet Model 185,tablet,2024-10-11
SKU01249,Accessory Model 623,accessory,2024-03-21
SKU01250,Wearable Model 259,wearable,2026-04-07
SKU01251,Gaming Model 700,gaming,2025-02-04
SKU01252,Laptop Model 815,laptop,2024-11-13
SKU01253,Audio Model 966,audio,2026-01-17
SKU01254,Wearable Model 350,wearable,2024-02-29
SKU01255,Laptop Model 218,laptop,2025-03-20
SKU01256,Smart_Home Model 723,smart_home,2025-09-18
SKU01257,Smartphone Model 782,smartphone,2024-11-12
SKU01258,Tablet Model 112,tablet,2024-05-02
SKU01259,Tablet Model 111,tablet,2025-12-19
SKU01260,Tablet Model 455,tablet,2025-05-23
SKU01261,Accessory Model 480,accessory,2024-06-19
SKU01262,Tablet Model 899,tablet,2026-02-06
SKU01263,Accessory Model 220,accessory,2026-01-20
SKU01264,Smartphone Model 926,smartphone,2024-12-09
SKU01265,Audio Model 636,audio,2024-10-05
SKU01266,Laptop Model 829,laptop,2024-09-26
SKU01267,Laptop Model 566,laptop,2025-05-23
SKU01268,Gaming Model 611,gaming,2024-02-26
SKU01269,Tablet Model 261,tablet,2025-01-11
SKU01270,Accessory Model 205,accessory,2026-03-02
SKU01271,Laptop Model 858,laptop,2024-08-21
SKU01272,Smartphone Model 979,smartphone,2024-02-15
SKU01273,Smartphone Model 147,smartphone,2024-09-07
SKU01274,Smart_Home Model 492,smart_home,2025-01-07
SKU01275,Tablet Model 978,tablet,2024-07-02
SKU01276,Smartphone Model 922,smartphone,2025-07-20
SKU01277,Audio Model 429,audio,2024-08-17
SKU01278,Wearable Model 837,wearable,2025-03-02
SKU01279,Gaming Model 945,gaming,2024-10-04
SKU01280,Laptop Model 481,laptop,2025-08-08
SKU01281,Laptop Model 789,laptop,2025-05-29
SKU01282,Smartphone Model 328,smartphone,2024-07-02
SKU01283,Smartphone Model 170,smartphone,2025-02-14
SKU01284,Smart_Home Model 389,smart_home,2026-06-05
SKU01285,Accessory Model 188,accessory,2024-12-01
SKU01286,Smart_Home Model 477,smart_home,2024-01-09
SKU01287,Wearable Model 677,wearable,2024-10-25
SKU01288,Accessory Model 737,accessory,2026-01-27
SKU01289,Wearable Model 477,wearable,2025-04-20
SKU01290,Smart_Home Model 894,smart_home,2026-03-02
SKU01291,Wearable Model 659,wearable,2026-01-20
SKU01292,Wearable Model 106,wearable,2024-06-03
SKU01293,Audio Model 338,audio,2024-01-25
SKU01294,Gaming Model 959,gaming,2025-10-13
SKU01295,Smartphone Model 101,smartphone,2024-12-09
SKU01296,Audio Model 855,audio,2026-05-19
SKU01297,Accessory Model 310,accessory,2024-04-16
SKU01298,Wearable Model 603,wearable,2025-03-05
SKU01299,Smartphone Model 828,smartphone,2024-05-25
SKU01300,Accessory Model 144,accessory,2024-04-05
SKU01301,Wearable Model 632,wearable,2026-05-15
SKU01302,Audio Model 481,audio,2025-12-18
SKU01303,Smart_Home Model 186,smart_home,2026-02-04
SKU01304,Laptop Model 236,laptop,2025-06-01
SKU01305,Audio Model 706,audio,2024-03-17
SKU01306,Smartphone Model 778,smartphone,2025-03-21
SKU01307,Tablet Model 398,tablet,2024-08-30
SKU01308,Accessory Model 422,accessory,2026-05-21
SKU01309,Audio Model 951,audio,2025-12-18
SKU01310,Gaming Model 563,gaming,2024-11-21
SKU01311,Accessory Model 176,accessory,2024-08-27
SKU01312,Wearable Model 898,wearable,2024-05-19
SKU01313,Laptop Model 208,laptop,2024-06-08
SKU01314,Tablet Model 577,tablet,2025-04-05
SKU01315,Gaming Model 223,gaming,2025-02-20
SKU01316,Gaming Model 312,gaming,2026-02-27
SKU01317,Smart_Home Model 574,smart_home,2024-11-11
SKU01318,Accessory Model 222,accessory,2026-05-22
SKU01319,Laptop Model 926,laptop,2024-06-10
SKU01320,Accessory Model 821,accessory,2026-04-26
SKU01321,Smartphone Model 955,smartphone,2024-08-08
SKU01322,Gaming Model 193,gaming,2024-05-31
SKU01323,Wearable Model 505,wearable,2024-12-30
SKU01324,Smartphone Model 406,smartphone,2025-11-24
SKU01325,Accessory Model 278,accessory,2026-04-19
SKU01326,Smartphone Model 975,smartphone,2025-02-18
SKU01327,Smart_Home Model 866,smart_home,2025-07-23
SKU01328,Wearable Model 573,wearable,2024-04-06
SKU01329,Laptop Model 912,laptop,2026-04-03
SKU01330,Tablet Model 112,tablet,2024-05-04
SKU01331,Smartphone Model 899,smartphone,2026-04-30
SKU01332,Wearable Model 302,wearable,2024-05-13
SKU01333,Audio Model 802,audio,2025-01-16
SKU01334,Laptop Model 700,laptop,2025-08-19
SKU01335,Accessory Model 176,accessory,2026-04-12
SKU01336,Smartphone Model 302,smartphone,2024-03-07
SKU01337,Smart_Home Model 231,smart_home,2026-04-08
SKU01338,Laptop Model 949,laptop,2026-05-17
SKU01339,Gaming Model 143,gaming,2024-05-05
SKU01340,Smart_Home Model 272,smart_home,2024-02-21
SKU01341,Audio Model 841,audio,2026-04-21
SKU01342,Audio Model 130,audio,2025-05-23
SKU01343,Audio Model 536,audio,2025-11-30
SKU01344,Tablet Model 319,tablet,2024-12-28
SKU01345,Tablet Model 386,tablet,2024-10-08
SKU01346,Smart_Home Model 135,smart_home,2024-06-01
SKU01347,Wearable Model 402,wearable,2025-10-24
SKU01348,Smart_Home Model 663,smart_home,2025-02-25
SKU01349,Smart_Home Model 189,smart_home,2024-03-03
SKU01350,Accessory Model 240,accessory,2025-01-27
SKU01351,Audio Model 758,audio,2024-07-23
SKU01352,Wearable Model 921,wearable,2025-10-07
SKU01353,Smartphone Model 900,smartphone,2025-01-26
SKU01354,Gaming Model 657,gaming,2025-05-06
SKU01355,Smart_Home Model 679,smart_home,2024-12-18
SKU01356,Gaming Model 376,gaming,2025-02-01
SKU01357,Tablet Model 426,tablet,2024-01-27
SKU01358,Wearable Model 930,wearable,2024-01-31
SKU01359,Accessory Model 928,accessory,2024-02-29
SKU01360,Smart_Home Model 466,smart_home,2025-06-26
SKU01361,Wearable Model 202,wearable,2024-06-12
SKU01362,Wearable Model 346,wearable,2025-11-03
SKU01363,Accessory Model 935,accessory,2025-06-30
SKU01364,Smartphone Model 324,smartphone,2026-02-21
SKU01365,Audio Model 959,audio,2024-12-29
SKU01366,Tablet Model 342,tablet,2024-06-29
SKU01367,Gaming Model 855,gaming,2026-04-05
SKU01368,Gaming Model 128,gaming,2025-08-28
SKU01369,Gaming Model 677,gaming,2025-08-04
SKU01370,Tablet Model 292,tablet,2025-07-30
SKU01371,Smart_Home Model 416,smart_home,2025-07-09
SKU01372,Tablet Model 138,tablet,2025-05-17
SKU01373,Laptop Model 338,laptop,2024-02-27
SKU01374,Wearable Model 639,wearable,2024-01-21
SKU01375,Smart_Home Model 439,smart_home,2024-01-01
SKU01376,Wearable Model 233,wearable,2026-04-05
SKU01377,Gaming Model 281,gaming,2026-01-04
SKU01378,Gaming Model 122,gaming,2024-03-01
SKU01379,Tablet Model 821,tablet,2025-08-23
SKU01380,Tablet Model 213,tablet,2026-03-03
SKU01381,Gaming Model 482,gaming,2024-03-15
SKU01382,Audio Model 203,audio,2025-08-23
SKU01383,Gaming Model 430,gaming,2024-11-05
SKU01384,Tablet Model 849,tablet,2024-06-10
SKU01385,Audio Model 754,audio,2026-03-21
SKU01386,Smart_Home Model 424,smart_home,2025-10-26
SKU01387,Tablet Model 675,tablet,2025-12-25
SKU01388,Gaming Model 781,gaming,2024-08-16
SKU01389,Tablet Model 414,tablet,2025-01-22
SKU01390,Accessory Model 281,accessory,2024-05-10
SKU01391,Smartphone Model 686,smartphone,2025-12-19
SKU01392,Audio Model 889,audio,2026-05-21
SKU01393,Smartphone Model 716,smartphone,2024-07-05
SKU01394,Gaming Model 726,gaming,2026-04-08
SKU01395,Wearable Model 679,wearable,2025-10-16
SKU01396,Laptop Model 244,laptop,2025-05-23
SKU01397,Gaming Model 179,gaming,2026-02-02
SKU01398,Wearable Model 427,wearable,2024-12-21
SKU01399,Tablet Model 190,tablet,2025-10-13
SKU01400,Gaming Model 111,gaming,2025-04-02
SKU01401,Accessory Model 355,accessory,2024-08-02
SKU01402,Laptop Model 362,laptop,2024-12-24
SKU01403,Laptop Model 101,laptop,2026-01-07
SKU01404,Smartphone Model 548,smartphone,2025-01-30
SKU01405,Audio Model 523,audio,2024-06-19
SKU01406,Smart_Home Model 459,smart_home,2025-01-22
SKU01407,Audio Model 948,audio,2024-04-13
SKU01408,Smart_Home Model 984,smart_home,2026-03-18
SKU01409,Wearable Model 562,wearable,2024-06-15
SKU01410,Laptop Model 966,laptop,2026-03-29
SKU01411,Smartphone Model 120,smartphone,2024-10-28
SKU01412,Gaming Model 207,gaming,2024-09-24
SKU01413,Laptop Model 274,laptop,2024-12-16
SKU01414,Audio Model 849,audio,2024-06-13
SKU01415,Laptop Model 195,laptop,2025-07-14
SKU01416,Gaming Model 728,gaming,2025-08-31
SKU01417,Smart_Home Model 131,smart_home,2025-12-22
SKU01418,Audio Model 268,audio,2025-10-31
SKU01419,Audio Model 154,audio,2024-06-09
SKU01420,Laptop Model 310,laptop,2024-12-05
SKU01421,Wearable Model 813,wearable,2025-02-23
SKU01422,Accessory Model 388,accessory,2025-11-07
SKU01423,Accessory Model 198,accessory,2024-08-31
SKU01424,Smartphone Model 685,smartphone,2025-02-06
SKU01425,Smart_Home Model 155,smart_home,2024-06-06
SKU01426,Gaming Model 537,gaming,2024-01-04
SKU01427,Laptop Model 943,laptop,2024-10-28
SKU01428,Smart_Home Model 199,smart_home,2024-07-23
SKU01429,Smartphone Model 274,smartphone,2024-07-30
SKU01430,Accessory Model 584,accessory,2024-03-24
SKU01431,Laptop Model 903,laptop,2024-11-11
SKU01432,Audio Model 600,audio,2025-04-27
SKU01433,Accessory Model 757,accessory,2024-04-03
SKU01434,Audio Model 479,audio,2024-07-08
SKU01435,Audio Model 291,audio,2025-01-13
SKU01436,Smart_Home Model 369,smart_home,2024-02-15
SKU01437,Smart_Home Model 369,smart_home,2025-04-21
SKU01438,Wearable Model 375,wearable,2026-05-07
SKU01439,Smartphone Model 870,smartphone,2024-06-03
SKU01440,Laptop Model 784,laptop,2024-03-28
SKU01441,Gaming Model 654,gaming,2026-04-07
SKU01442,Audio Model 703,audio,2026-02-13
SKU01443,Wearable Model 162,wearable,2025-07-20
SKU01444,Audio Model 635,audio,2026-04-18
SKU01445,Audio Model 803,audio,2025-07-02
SKU01446,Smart_Home Model 341,smart_home,2025-08-09
SKU01447,Smart_Home Model 180,smart_home,2024-11-02
SKU01448,Audio Model 831,audio,2026-05-24
SKU01449,Smartphone Model 684,smartphone,2025-05-29
SKU01450,Tablet Model 875,tablet,2024-05-03
SKU01451,Smart_Home Model 271,smart_home,2024-06-26
SKU01452,Wearable Model 297,wearable,2026-04-07
SKU01453,Tablet Model 533,tablet,2024-02-13
SKU01454,Laptop Model 545,laptop,2025-11-30
SKU01455,Wearable Model 742,wearable,2026-04-22
SKU01456,Tablet Model 709,tablet,2026-05-04
SKU01457,Accessory Model 844,accessory,2024-11-23
SKU01458,Laptop Model 497,laptop,2024-03-30
SKU01459,Audio Model 433,audio,2025-07-19
SKU01460,Accessory Model 569,accessory,2025-06-16
SKU01461,Smartphone Model 817,smartphone,2026-03-16
SKU01462,Audio Model 524,audio,2024-04-25
SKU01463,Tablet Model 680,tablet,2024-05-31
SKU01464,Laptop Model 676,laptop,2024-04-18
SKU01465,Laptop Model 392,laptop,2026-03-15
SKU01466,Gaming Model 520,gaming,2026-06-17
SKU01467,Accessory Model 770,accessory,2025-01-27
SKU01468,Smart_Home Model 723,smart_home,2025-08-08
SKU01469,Smart_Home Model 276,smart_home,2024-02-08
SKU01470,Accessory Model 247,accessory,2025-02-16
SKU01471,Audio Model 505,audio,2024-02-09
SKU01472,Gaming Model 343,gaming,2025-12-08
SKU01473,Smartphone Model 586,smartphone,2026-02-02
SKU01474,Accessory Model 120,accessory,2025-01-16
SKU01475,Gaming Model 912,gaming,2026-04-17
SKU01476,Accessory Model 387,accessory,2024-11-14
SKU01477,Smart_Home Model 812,smart_home,2026-05-28
SKU01478,Laptop Model 333,laptop,2026-06-08
SKU01479,Tablet Model 861,tablet,2024-11-03
SKU01480,Smart_Home Model 945,smart_home,2026-03-03
SKU01481,Gaming Model 846,gaming,2024-10-02
SKU01482,Audio Model 761,audio,2025-09-11
SKU01483,Laptop Model 552,laptop,2024-07-11
SKU01484,Wearable Model 516,wearable,2026-04-23
SKU01485,Smart_Home Model 628,smart_home,2026-02-16
SKU01486,Gaming Model 157,gaming,2026-04-20
SKU01487,Tablet Model 418,tablet,2024-03-08
SKU01488,Audio Model 899,audio,2024-05-18
SKU01489,Smartphone Model 297,smartphone,2024-06-26
SKU01490,Wearable Model 159,wearable,2026-05-07
SKU01491,Wearable Model 567,wearable,2024-02-03
SKU01492,Smartphone Model 821,smartphone,2025-01-04
SKU01493,Wearable Model 477,wearable,2024-10-07
SKU01494,Smart_Home Model 506,smart_home,2025-06-01
SKU01495,Laptop Model 131,laptop,2025-11-28
SKU01496,Wearable Model 600,wearable,2025-01-16
SKU01497,Smart_Home Model 991,smart_home,2024-06-30
SKU01498,Smart_Home Model 664,smart_home,2025-08-23
SKU01499,Gaming Model 267,gaming,2024-12-18
SKU01500,Accessory Model 950,accessory,2026-02-05
SKU01501,Laptop Model 128,laptop,2024-10-18
SKU01502,Audio Model 266,audio,2024-02-20
SKU01503,Wearable Model 326,wearable,2026-05-27
SKU01504,Wearable Model 311,wearable,2025-11-24
SKU01505,Accessory Model 519,accessory,2025-10-29
SKU01506,Smartphone Model 899,smartphone,2026-06-04
SKU01507,Smartphone Model 235,smartphone,2025-04-30
SKU01508,Tablet Model 920,tablet,2025-09-07
SKU01509,Smartphone Model 358,smartphone,2024-08-17
SKU01510,Accessory Model 826,accessory,2025-12-30
SKU01511,Accessory Model 485,accessory,2025-03-09
SKU01512,Gaming Model 358,gaming,2025-04-15
SKU01513,Wearable Model 409,wearable,2025-04-22
SKU01514,Audio Model 204,audio,2025-08-21
SKU01515,Smartphone Model 778,smartphone,2025-06-07
SKU01516,Gaming Model 762,gaming,2025-07-28
SKU01517,Accessory Model 800,accessory,2024-11-01
SKU01518,Laptop Model 165,laptop,2025-05-08
SKU01519,Gaming Model 755,gaming,2024-10-10
SKU01520,Gaming Model 383,gaming,2026-06-01
SKU01521,Accessory Model 828,accessory,2025-11-02
SKU01522,Accessory Model 253,accessory,2024-07-11
SKU01523,Wearable Model 924,wearable,2024-02-28
SKU01524,Audio Model 427,audio,2025-11-07
SKU01525,Tablet Model 126,tablet,2026-01-08
SKU01526,Smart_Home Model 365,smart_home,2024-10-29
SKU01527,Audio Model 497,audio,2025-02-18
SKU01528,Smartphone Model 825,smartphone,2025-08-20
SKU01529,Wearable Model 843,wearable,2024-12-17
SKU01530,Wearable Model 647,wearable,2025-12-03
SKU01531,Smart_Home Model 467,smart_home,2025-11-18
SKU01532,Accessory Model 274,accessory,2026-05-15
SKU01533,Tablet Model 199,tablet,2024-10-27
SKU01534,Smart_Home Model 858,smart_home,2024-05-11
SKU01535,Accessory Model 927,accessory,2026-01-12
SKU01536,Tablet Model 443,tablet,2025-11-27
SKU01537,Laptop Model 463,laptop,2024-08-15
SKU01538,Wearable Model 992,wearable,2026-02-01
SKU01539,Accessory Model 907,accessory,2025-03-06
SKU01540,Gaming Model 366,gaming,2025-01-15
SKU01541,Accessory Model 971,accessory,2025-04-19
SKU01542,Laptop Model 154,laptop,2025-04-26
SKU01543,Laptop Model 299,laptop,2025-04-28
SKU01544,Laptop Model 797,laptop,2026-06-07
SKU01545,Audio Model 405,audio,2025-06-26
SKU01546,Audio Model 991,audio,2024-02-25
SKU01547,Tablet Model 305,tablet,2024-05-20
SKU01548,Gaming Model 683,gaming,2025-02-23
SKU01549,Smart_Home Model 423,smart_home,2024-05-26
SKU01550,Tablet Model 182,tablet,2026-03-08
SKU01551,Smart_Home Model 746,smart_home,2024-12-06
SKU01552,Tablet Model 749,tablet,2024-11-16
SKU01553,Smartphone Model 562,smartphone,2024-01-05
SKU01554,Accessory Model 879,accessory,2024-08-02
SKU01555,Tablet Model 882,tablet,2025-08-13
SKU01556,Tablet Model 904,tablet,2025-05-16
SKU01557,Laptop Model 729,laptop,2024-05-12
SKU01558,Audio Model 539,audio,2025-10-10
SKU01559,Audio Model 588,audio,2025-03-15
SKU01560,Audio Model 138,audio,2024-01-05
SKU01561,Wearable Model 482,wearable,2026-01-18
SKU01562,Smartphone Model 875,smartphone,2024-11-25
SKU01563,Wearable Model 792,wearable,2024-01-19
SKU01564,Smartphone Model 851,smartphone,2025-10-03
SKU01565,Wearable Model 810,wearable,2024-08-19
SKU01566,Gaming Model 232,gaming,2024-11-15
SKU01567,Laptop Model 615,laptop,2025-01-27
SKU01568,Accessory Model 166,accessory,2024-06-20
SKU01569,Smartphone Model 397,smartphone,2024-11-01
SKU01570,Smart_Home Model 632,smart_home,2026-01-15
SKU01571,Gaming Model 803,gaming,2025-03-20
SKU01572,Tablet Model 601,tablet,2024-12-16
SKU01573,Gaming Model 292,gaming,2026-02-07
SKU01574,Tablet Model 513,tablet,2026-04-11
SKU01575,Smartphone Model 329,smartphone,2024-08-21
SKU01576,Tablet Model 851,tablet,2024-08-04
SKU01577,Smartphone Model 616,smartphone,2025-08-26
SKU01578,Tablet Model 475,tablet,2024-05-06
SKU01579,Smartphone Model 997,smartphone,2025-01-19
SKU01580,Accessory Model 647,accessory,2026-02-28
SKU01581,Smartphone Model 149,smartphone,2025-08-31
SKU01582,Laptop Model 956,laptop,2025-10-31
SKU01583,Smartphone Model 806,smartphone,2024-02-19
SKU01584,Laptop Model 554,laptop,2025-03-02
SKU01585,Audio Model 660,audio,2024-05-06
SKU01586,Accessory Model 818,accessory,2025-04-30
SKU01587,Tablet Model 811,tablet,2024-07-29
SKU01588,Smartphone Model 530,smartphone,2024-11-04
SKU01589,Laptop Model 632,laptop,2025-11-09
SKU01590,Accessory Model 720,accessory,2025-09-29
SKU01591,Tablet Model 950,tablet,2025-03-04
SKU01592,Laptop Model 836,laptop,2025-06-07
SKU01593,Laptop Model 216,laptop,2024-10-16
SKU01594,Laptop Model 303,laptop,2025-05-24
SKU01595,Wearable Model 369,wearable,2026-03-07
SKU01596,Wearable Model 820,wearable,2025-01-01
SKU01597,Audio Model 264,audio,2024-10-29
SKU01598,Smartphone Model 608,smartphone,2025-07-15
SKU01599,Wearable Model 592,wearable,2025-12-05
SKU01600,Gaming Model 102,gaming,2024-08-28
SKU01601,Smartphone Model 191,smartphone,2025-11-18
SKU01602,Laptop Model 687,laptop,2026-05-05
SKU01603,Smart_Home Model 192,smart_home,2024-06-01
SKU01604,Laptop Model 840,laptop,2026-01-10
SKU01605,Laptop Model 759,laptop,2024-09-19
SKU01606,Wearable Model 403,wearable,2025-04-12
SKU01607,Accessory Model 151,accessory,2025-04-20
SKU01608,Laptop Model 278,laptop,2026-04-12
SKU01609,Smartphone Model 397,smartphone,2026-05-22
SKU01610,Gaming Model 793,gaming,2026-03-31
SKU01611,Gaming Model 856,gaming,2025-03-12
SKU01612,Laptop Model 971,laptop,2024-04-07
SKU01613,Smartphone Model 972,smartphone,2024-01-10
SKU01614,Tablet Model 762,tablet,2025-11-10
SKU01615,Tablet Model 466,tablet,2024-12-02
SKU01616,Smart_Home Model 374,smart_home,2025-09-28
SKU01617,Laptop Model 934,laptop,2025-01-16
SKU01618,Gaming Model 216,gaming,2024-07-06
SKU01619,Audio Model 567,audio,2025-02-13
SKU01620,Accessory Model 494,accessory,2026-05-05
SKU01621,Smart_Home Model 531,smart_home,2026-03-30
SKU01622,Tablet Model 235,tablet,2024-04-25
SKU01623,Smartphone Model 263,smartphone,2026-05-14
SKU01624,Laptop Model 704,laptop,2025-03-02
SKU01625,Smart_Home Model 682,smart_home,2026-04-01
SKU01626,Smart_Home Model 725,smart_home,2024-07-04
SKU01627,Audio Model 467,audio,2026-03-08
SKU01628,Smartphone Model 800,smartphone,2026-06-02
SKU01629,Tablet Model 599,tablet,2025-05-09
SKU01630,Laptop Model 551,laptop,2025-02-25
SKU01631,Smartphone Model 367,smartphone,2024-03-05
SKU01632,Gaming Model 821,gaming,2024-01-13
SKU01633,Wearable Model 994,wearable,2025-11-16
SKU01634,Gaming Model 635,gaming,2025-06-15
SKU01635,Laptop Model 777,laptop,2025-03-19
SKU01636,Wearable Model 454,wearable,2025-05-08
SKU01637,Audio Model 959,audio,2024-06-01
SKU01638,Smartphone Model 758,smartphone,2024-01-12
SKU01639,Tablet Model 969,tablet,2025-06-01
SKU01640,Smart_Home Model 607,smart_home,2026-05-22
SKU01641,Tablet Model 869,tablet,2024-03-17
SKU01642,Smart_Home Model 346,smart_home,2024-11-24
SKU01643,Gaming Model 151,gaming,2024-10-11
SKU01644,Wearable Model 758,wearable,2025-07-17
SKU01645,Audio Model 936,audio,2025-02-16
SKU01646,Wearable Model 570,wearable,2024-03-21
SKU01647,Smart_Home Model 686,smart_home,2026-03-31
SKU01648,Smart_Home Model 977,smart_home,2024-03-31
SKU01649,Smart_Home Model 423,smart_home,2025-04-02
SKU01650,Laptop Model 863,laptop,2025-05-24
SKU01651,Smartphone Model 513,smartphone,2024-04-15
SKU01652,Audio Model 670,audio,2024-02-06
SKU01653,Smartphone Model 193,smartphone,2026-04-25
SKU01654,Accessory Model 675,accessory,2025-06-04
SKU01655,Wearable Model 787,wearable,2025-11-01
SKU01656,Smart_Home Model 472,smart_home,2024-12-15
SKU01657,Smartphone Model 328,smartphone,2026-04-16
SKU01658,Smart_Home Model 673,smart_home,2024-12-05
SKU01659,Smart_Home Model 772,smart_home,2026-01-03
SKU01660,Gaming Model 563,gaming,2026-01-03
SKU01661,Laptop Model 877,laptop,2024-04-09
SKU01662,Wearable Model 449,wearable,2024-01-03
SKU01663,Gaming Model 748,gaming,2026-04-29
SKU01664,Accessory Model 634,accessory,2025-07-14
SKU01665,Gaming Model 208,gaming,2025-12-19
SKU01666,Smartphone Model 604,smartphone,2024-06-17
SKU01667,Tablet Model 834,tablet,2026-04-21
SKU01668,Audio Model 360,audio,2024-04-19
SKU01669,Wearable Model 223,wearable,2024-07-11
SKU01670,Audio Model 568,audio,2024-08-08
SKU01671,Wearable Model 446,wearable,2026-01-03
SKU01672,Laptop Model 524,laptop,2026-02-14
SKU01673,Smartphone Model 957,smartphone,2025-10-10
SKU01674,Laptop Model 561,laptop,2026-03-01
SKU01675,Smart_Home Model 703,smart_home,2025-11-05
SKU01676,Tablet Model 104,tablet,2025-05-25
SKU01677,Smartphone Model 543,smartphone,2025-07-20
SKU01678,Smart_Home Model 899,smart_home,2025-06-04
SKU01679,Tablet Model 692,tablet,2025-12-09
SKU01680,Tablet Model 934,tablet,2026-01-18
SKU01681,Tablet Model 496,tablet,2024-04-16
SKU01682,Gaming Model 493,gaming,2025-05-31
SKU01683,Audio Model 809,audio,2025-09-15
SKU01684,Wearable Model 507,wearable,2024-10-07
SKU01685,Gaming Model 563,gaming,2024-10-28
SKU01686,Tablet Model 522,tablet,2024-05-21
SKU01687,Accessory Model 818,accessory,2026-05-13
SKU01688,Gaming Model 854,gaming,2025-12-29
SKU01689,Wearable Model 314,wearable,2024-07-24
SKU01690,Accessory Model 453,accessory,2025-12-04
SKU01691,Tablet Model 765,tablet,2025-12-28
SKU01692,Tablet Model 655,tablet,2025-05-30
SKU01693,Gaming Model 218,gaming,2025-12-28
SKU01694,Gaming Model 591,gaming,2025-07-29
SKU01695,Audio Model 865,audio,2025-11-21
SKU01696,Accessory Model 967,accessory,2026-06-17
SKU01697,Audio Model 113,audio,2026-04-07
SKU01698,Laptop Model 490,laptop,2024-01-26
SKU01699,Tablet Model 786,tablet,2024-02-24
SKU01700,Smartphone Model 373,smartphone,2024-07-23
SKU01701,Tablet Model 799,tablet,2024-10-20
SKU01702,Accessory Model 959,accessory,2024-05-29
SKU01703,Smartphone Model 903,smartphone,2025-12-08
SKU01704,Accessory Model 871,accessory,2024-07-27
SKU01705,Smartphone Model 933,smartphone,2025-01-02
SKU01706,Smart_Home Model 730,smart_home,2024-04-14
SKU01707,Wearable Model 762,wearable,2026-01-30
SKU01708,Audio Model 623,audio,2024-08-31
SKU01709,Accessory Model 780,accessory,2025-12-10
SKU01710,Smartphone Model 496,smartphone,2025-01-25
SKU01711,Audio Model 801,audio,2026-03-18
SKU01712,Gaming Model 155,gaming,2025-07-19
SKU01713,Smartphone Model 357,smartphone,2026-01-31
SKU01714,Wearable Model 989,wearable,2025-09-27
SKU01715,Smart_Home Model 330,smart_home,2026-04-29
SKU01716,Gaming Model 702,gaming,2026-02-12
SKU01717,Wearable Model 842,wearable,2026-03-05
SKU01718,Wearable Model 559,wearable,2024-10-28
SKU01719,Tablet Model 176,tablet,2025-11-30
SKU01720,Tablet Model 852,tablet,2024-06-26
SKU01721,Laptop Model 141,laptop,2025-01-21
SKU01722,Audio Model 669,audio,2024-10-12
SKU01723,Accessory Model 264,accessory,2024-05-13
SKU01724,Accessory Model 438,accessory,2024-01-06
SKU01725,Smart_Home Model 258,smart_home,2025-12-27
SKU01726,Smartphone Model 430,smartphone,2024-06-06
SKU01727,Smartphone Model 740,smartphone,2026-03-03
SKU01728,Accessory Model 908,accessory,2025-05-17
SKU01729,Gaming Model 902,gaming,2024-03-15
SKU01730,Gaming Model 325,gaming,2025-06-22
SKU01731,Tablet Model 169,tablet,2025-06-17
SKU01732,Tablet Model 656,tablet,2025-03-01
SKU01733,Audio Model 457,audio,2024-04-04
SKU01734,Wearable Model 779,wearable,2024-08-06
SKU01735,Gaming Model 469,gaming,2024-12-05
SKU01736,Accessory Model 870,accessory,2024-08-11
SKU01737,Smart_Home Model 943,smart_home,2025-07-28
SKU01738,Smartphone Model 784,smartphone,2024-04-27
SKU01739,Gaming Model 346,gaming,2025-04-01
SKU01740,Wearable Model 798,wearable,2024-02-10
SKU01741,Gaming Model 915,gaming,2025-01-25
SKU01742,Laptop Model 362,laptop,2025-01-30
SKU01743,Accessory Model 629,accessory,2024-01-26
SKU01744,Gaming Model 922,gaming,2025-06-10
SKU01745,Smart_Home Model 144,smart_home,2025-05-13
SKU01746,Accessory Model 297,accessory,2025-10-29
SKU01747,Gaming Model 184,gaming,2025-06-10
SKU01748,Laptop Model 891,laptop,2024-06-20
SKU01749,Smartphone Model 167,smartphone,2025-10-03
SKU01750,Wearable Model 744,wearable,2025-11-17
SKU01751,Wearable Model 801,wearable,2026-06-04
SKU01752,Audio Model 206,audio,2026-05-05
SKU01753,Wearable Model 948,wearable,2025-07-04
SKU01754,Audio Model 936,audio,2025-10-24
SKU01755,Laptop Model 802,laptop,2026-02-03
SKU01756,Tablet Model 570,tablet,2024-01-25
SKU01757,Gaming Model 189,gaming,2024-02-08
SKU01758,Laptop Model 282,laptop,2024-02-25
SKU01759,Accessory Model 172,accessory,2025-07-25
SKU01760,Wearable Model 517,wearable,2024-09-21
SKU01761,Audio Model 745,audio,2025-04-06
SKU01762,Audio Model 423,audio,2025-03-19
SKU01763,Smartphone Model 789,smartphone,2025-02-02
SKU01764,Laptop Model 106,laptop,2025-07-01
SKU01765,Laptop Model 863,laptop,2026-02-13
SKU01766,Smartphone Model 968,smartphone,2025-12-18
SKU01767,Laptop Model 614,laptop,2025-01-01
SKU01768,Laptop Model 905,laptop,2024-10-23
SKU01769,Accessory Model 188,accessory,2025-09-13
SKU01770,Accessory Model 548,accessory,2026-02-22
SKU01771,Audio Model 941,audio,2025-02-08
SKU01772,Smartphone Model 260,smartphone,2025-04-30
SKU01773,Wearable Model 864,wearable,2024-05-19
SKU01774,Audio Model 916,audio,2026-03-26
SKU01775,Accessory Model 247,accessory,2025-10-11
SKU01776,Accessory Model 914,accessory,2025-11-24
SKU01777,Gaming Model 666,gaming,2024-01-12
SKU01778,Tablet Model 142,tablet,2024-05-06
SKU01779,Smartphone Model 710,smartphone,2025-08-09
SKU01780,Audio Model 660,audio,2025-07-04
SKU01781,Laptop Model 315,laptop,2024-11-08
SKU01782,Gaming Model 522,gaming,2024-08-04
SKU01783,Tablet Model 288,tablet,2024-06-13
SKU01784,Wearable Model 954,wearable,2025-09-23
SKU01785,Accessory Model 217,accessory,2024-07-17
SKU01786,Tablet Model 918,tablet,2025-11-18
SKU01787,Smartphone Model 869,smartphone,2026-05-21
SKU01788,Smart_Home Model 662,smart_home,2025-10-22
SKU01789,Laptop Model 787,laptop,2024-10-24
SKU01790,Laptop Model 200,laptop,2024-09-13
SKU01791,Wearable Model 694,wearable,2026-01-13
SKU01792,Smart_Home Model 465,smart_home,2024-12-04
SKU01793,Tablet Model 771,tablet,2025-11-18
SKU01794,Wearable Model 391,wearable,2024-04-12
SKU01795,Laptop Model 425,laptop,2024-07-17
SKU01796,Smart_Home Model 436,smart_home,2025-04-06
SKU01797,Accessory Model 698,accessory,2025-12-11
SKU01798,Tablet Model 680,tablet,2025-08-02
SKU01799,Gaming Model 423,gaming,2026-04-07
SKU01800,Audio Model 104,audio,2024-06-21
SKU01801,Gaming Model 904,gaming,2024-09-09
SKU01802,Wearable Model 857,wearable,2025-12-30
SKU01803,Audio Model 960,audio,2024-10-10
SKU01804,Gaming Model 795,gaming,2024-05-17
SKU01805,Gaming Model 591,gaming,2026-06-17
SKU01806,Smart_Home Model 467,smart_home,2025-04-01
SKU01807,Accessory Model 664,accessory,2025-05-13
SKU01808,Laptop Model 761,laptop,2024-06-28
SKU01809,Laptop Model 387,laptop,2026-05-11
SKU01810,Tablet Model 301,tablet,2025-07-05
SKU01811,Accessory Model 741,accessory,2026-01-21
SKU01812,Laptop Model 177,laptop,2026-01-14
SKU01813,Smartphone Model 619,smartphone,2026-05-19
SKU01814,Smartphone Model 695,smartphone,2026-04-12
SKU01815,Audio Model 704,audio,2026-02-26
SKU01816,Wearable Model 664,wearable,2024-02-07
SKU01817,Accessory Model 652,accessory,2025-07-10
SKU01818,Smart_Home Model 893,smart_home,2025-10-31
SKU01819,Tablet Model 501,tablet,2025-01-09
SKU01820,Wearable Model 703,wearable,2026-03-01
SKU01821,Accessory Model 575,accessory,2024-05-17
SKU01822,Laptop Model 472,laptop,2025-02-10
SKU01823,Smartphone Model 344,smartphone,2025-11-09
SKU01824,Tablet Model 626,tablet,2026-02-14
SKU01825,Tablet Model 263,tablet,2025-04-01
SKU01826,Tablet Model 679,tablet,2025-08-02
SKU01827,Tablet Model 849,tablet,2026-01-23
SKU01828,Smart_Home Model 141,smart_home,2025-01-02
SKU01829,Wearable Model 599,wearable,2026-02-18
SKU01830,Wearable Model 370,wearable,2024-03-05
SKU01831,Gaming Model 143,gaming,2024-08-27
SKU01832,Wearable Model 910,wearable,2025-06-14
SKU01833,Gaming Model 580,gaming,2025-02-01
SKU01834,Smart_Home Model 140,smart_home,2024-02-17
SKU01835,Gaming Model 820,gaming,2024-04-15
SKU01836,Accessory Model 859,accessory,2026-05-04
SKU01837,Accessory Model 657,accessory,2025-08-15
SKU01838,Tablet Model 769,tablet,2025-01-20
SKU01839,Audio Model 701,audio,2025-01-09
SKU01840,Laptop Model 357,laptop,2025-06-13
SKU01841,Audio Model 628,audio,2024-08-16
SKU01842,Audio Model 936,audio,2024-12-27
SKU01843,Gaming Model 911,gaming,2025-05-13
SKU01844,Smart_Home Model 106,smart_home,2025-09-10
SKU01845,Tablet Model 269,tablet,2025-03-26
SKU01846,Wearable Model 626,wearable,2024-03-19
SKU01847,Accessory Model 253,accessory,2024-08-04
SKU01848,Tablet Model 470,tablet,2024-06-10
SKU01849,Laptop Model 335,laptop,2025-11-07
SKU01850,Audio Model 438,audio,2026-04-10
SKU01851,Laptop Model 791,laptop,2025-05-08
SKU01852,Smart_Home Model 315,smart_home,2025-05-05
SKU01853,Tablet Model 953,tablet,2025-10-24
SKU01854,Audio Model 349,audio,2024-01-23
SKU01855,Smartphone Model 687,smartphone,2024-05-10
SKU01856,Tablet Model 744,tablet,2024-05-17
SKU01857,Smartphone Model 250,smartphone,2025-08-09
SKU01858,Smartphone Model 364,smartphone,2024-06-19
SKU01859,Tablet Model 515,tablet,2025-06-13
SKU01860,Smartphone Model 836,smartphone,2026-06-18
SKU01861,Accessory Model 321,accessory,2024-03-28
SKU01862,Smart_Home Model 582,smart_home,2025-09-13
SKU01863,Smart_Home Model 324,smart_home,2024-06-23
SKU01864,Audio Model 246,audio,2025-09-07
SKU01865,Tablet Model 775,tablet,2025-09-30
SKU01866,Accessory Model 841,accessory,2024-06-20
SKU01867,Gaming Model 710,gaming,2025-04-09
SKU01868,Laptop Model 487,laptop,2024-08-23
SKU01869,Audio Model 211,audio,2024-05-15
SKU01870,Smartphone Model 635,smartphone,2024-07-26
SKU01871,Audio Model 253,audio,2026-04-26
SKU01872,Laptop Model 587,laptop,2024-06-30
SKU01873,Smartphone Model 902,smartphone,2026-06-17
SKU01874,Laptop Model 593,laptop,2024-04-05
SKU01875,Tablet Model 652,tablet,2025-09-09
SKU01876,Smartphone Model 794,smartphone,2026-03-04
SKU01877,Audio Model 530,audio,2025-06-18
SKU01878,Gaming Model 144,gaming,2026-06-14
SKU01879,Audio Model 921,audio,2024-08-22
SKU01880,Smart_Home Model 887,smart_home,2026-03-19
SKU01881,Audio Model 703,audio,2024-12-24
SKU01882,Laptop Model 237,laptop,2025-03-11
SKU01883,Accessory Model 884,accessory,2025-05-03
SKU01884,Wearable Model 185,wearable,2026-05-29
SKU01885,Accessory Model 997,accessory,2025-09-04
SKU01886,Audio Model 293,audio,2024-09-20
SKU01887,Smartphone Model 861,smartphone,2025-12-27
SKU01888,Smartphone Model 635,smartphone,2025-08-14
SKU01889,Laptop Model 107,laptop,2025-06-16
SKU01890,Audio Model 310,audio,2025-11-01
SKU01891,Gaming Model 470,gaming,2025-02-22
SKU01892,Laptop Model 536,laptop,2024-06-07
SKU01893,Accessory Model 975,accessory,2024-09-24
SKU01894,Audio Model 474,audio,2025-08-01
SKU01895,Accessory Model 506,accessory,2025-11-27
SKU01896,Wearable Model 665,wearable,2025-02-27
SKU01897,Smart_Home Model 479,smart_home,2024-07-02
SKU01898,Smart_Home Model 414,smart_home,2024-09-16
SKU01899,Gaming Model 822,gaming,2026-03-03
SKU01900,Audio Model 241,audio,2026-01-23
SKU01901,Laptop Model 335,laptop,2026-02-04
SKU01902,Smart_Home Model 816,smart_home,2026-03-12
SKU01903,Tablet Model 319,tablet,2024-04-12
SKU01904,Audio Model 446,audio,2026-03-15
SKU01905,Smartphone Model 498,smartphone,2024-06-13
SKU01906,Smartphone Model 193,smartphone,2026-04-03
SKU01907,Tablet Model 714,tablet,2025-04-27
SKU01908,Audio Model 165,audio,2024-03-31
SKU01909,Accessory Model 479,accessory,2024-08-15
SKU01910,Laptop Model 138,laptop,2025-09-15
SKU01911,Audio Model 728,audio,2025-02-14
SKU01912,Accessory Model 711,accessory,2025-12-29
SKU01913,Smartphone Model 939,smartphone,2026-03-03
SKU01914,Tablet Model 606,tablet,2025-10-17
SKU01915,Smart_Home Model 306,smart_home,2024-01-11
SKU01916,Accessory Model 134,accessory,2024-07-18
SKU01917,Wearable Model 273,wearable,2025-09-21
SKU01918,Smartphone Model 344,smartphone,2025-01-03
SKU01919,Smartphone Model 188,smartphone,2024-06-10
SKU01920,Accessory Model 509,accessory,2026-03-09
SKU01921,Gaming Model 504,gaming,2025-11-16
SKU01922,Audio Model 305,audio,2025-08-23
SKU01923,Smartphone Model 820,smartphone,2026-01-24
SKU01924,Laptop Model 662,laptop,2024-04-02
SKU01925,Accessory Model 949,accessory,2026-01-13
SKU01926,Gaming Model 935,gaming,2024-12-21
SKU01927,Accessory Model 720,accessory,2024-08-19
SKU01928,Wearable Model 513,wearable,2025-04-10
SKU01929,Smartphone Model 279,smartphone,2024-09-24
SKU01930,Audio Model 209,audio,2025-06-02
SKU01931,Laptop Model 401,laptop,2025-05-30
SKU01932,Gaming Model 922,gaming,2024-04-29
SKU01933,Accessory Model 650,accessory,2026-06-16
SKU01934,Accessory Model 553,accessory,2025-12-11
SKU01935,Audio Model 595,audio,2025-07-30
SKU01936,Wearable Model 447,wearable,2026-02-14
SKU01937,Smart_Home Model 571,smart_home,2025-11-28
SKU01938,Smartphone Model 219,smartphone,2025-05-08
SKU01939,Accessory Model 491,accessory,2024-03-10
SKU01940,Wearable Model 818,wearable,2025-11-24
SKU01941,Wearable Model 423,wearable,2026-03-30
SKU01942,Audio Model 628,audio,2024-12-27
SKU01943,Smartphone Model 952,smartphone,2025-12-18
SKU01944,Accessory Model 394,accessory,2024-09-11
SKU01945,Laptop Model 789,laptop,2025-02-12
SKU01946,Gaming Model 667,gaming,2024-03-18
SKU01947,Tablet Model 421,tablet,2025-05-02
SKU01948,Gaming Model 687,gaming,2024-08-11
SKU01949,Accessory Model 864,accessory,2024-07-06
SKU01950,Wearable Model 854,wearable,2025-05-25
SKU01951,Wearable Model 853,wearable,2024-08-28
SKU01952,Wearable Model 371,wearable,2026-06-12
SKU01953,Wearable Model 307,wearable,2024-08-22
SKU01954,Wearable Model 733,wearable,2026-05-06
SKU01955,Gaming Model 897,gaming,2024-06-08
SKU01956,Laptop Model 180,laptop,2024-05-02
SKU01957,Smart_Home Model 106,smart_home,2025-09-20
SKU01958,Smartphone Model 593,smartphone,2026-05-18
SKU01959,Gaming Model 422,gaming,2025-09-27
SKU01960,Smart_Home Model 989,smart_home,2025-08-11
SKU01961,Accessory Model 287,accessory,2025-05-17
SKU01962,Accessory Model 327,accessory,2025-02-11
SKU01963,Tablet Model 638,tablet,2024-02-25
SKU01964,Audio Model 653,audio,2025-05-04
SKU01965,Smartphone Model 455,smartphone,2025-05-29
SKU01966,Audio Model 802,audio,2026-05-31
SKU01967,Tablet Model 223,tablet,2025-04-13
SKU01968,Smart_Home Model 805,smart_home,2024-11-19
SKU01969,Smartphone Model 790,smartphone,2024-01-13
SKU01970,Wearable Model 694,wearable,2025-01-23
SKU01971,Laptop Model 470,laptop,2024-11-29
SKU01972,Accessory Model 661,accessory,2024-07-10
SKU01973,Accessory Model 375,accessory,2024-08-30
SKU01974,Smart_Home Model 451,smart_home,2025-09-19
SKU01975,Gaming Model 610,gaming,2024-07-07
SKU01976,Audio Model 529,audio,2024-08-03
SKU01977,Gaming Model 974,gaming,2025-01-08
SKU01978,Audio Model 561,audio,2024-10-13
SKU01979,Tablet Model 234,tablet,2025-08-08
SKU01980,Wearable Model 202,wearable,2026-04-13
SKU01981,Accessory Model 341,accessory,2026-04-03
SKU01982,Audio Model 490,audio,2026-05-26
SKU01983,Wearable Model 919,wearable,2024-05-29
SKU01984,Tablet Model 925,tablet,2025-04-29
SKU01985,Smartphone Model 531,smartphone,2024-06-29
SKU01986,Smart_Home Model 969,smart_home,2024-05-17
SKU01987,Gaming Model 598,gaming,2026-03-15
SKU01988,Accessory Model 675,accessory,2024-09-13
SKU01989,Smartphone Model 201,smartphone,2025-02-11
SKU01990,Tablet Model 320,tablet,2024-03-02
SKU01991,Accessory Model 959,accessory,2025-05-02
SKU01992,Laptop Model 862,laptop,2025-04-05
SKU01993,Gaming Model 469,gaming,2024-09-23
SKU01994,Gaming Model 670,gaming,2025-07-27
SKU01995,Accessory Model 120,accessory,2024-12-18
SKU01996,Audio Model 459,audio,2024-05-04
SKU01997,Wearable Model 689,wearable,2025-08-13
SKU01998,Tablet Model 391,tablet,2026-03-10
SKU01999,Gaming Model 789,gaming,2024-11-28
SKU02000,Smart_Home Model 854,smart_home,2026-03-04
